Date,Tube ID,Sample ID,Picture ID,Scale,Length,Width,Area,Notes,,,,,,,
3/8/16,M1,M1_L1,M1_L1,1.007,0.114,0.102,0.009,"doesn't have distinct ""D"" shape",,,,,,,
3/8/16,M1,M1_L2,M1_L2,0.997,0.128,0.103,0.011,,,,,,,,
3/8/16,M1,M1_L3,M1_L3toL6,1.032,0.139,0.111,0.013,,,,,,,,
3/8/16,M1,M1_L4,M1_L3toL6,1.032,0.132,0.1,0.011,,,,,,,,
3/8/16,M1,M1_L5,M1_L3toL6,1.032,0.134,0.096,0.01,,,,,,,,
3/8/16,M1,M1_L6,M1_L3toL6,1.032,0.131,0.097,0.011,,,,,,,,
3/8/16,M1,M1_L7,M1_L7,1.024,0.132,0.11,0.012,,,,,,,,
3/8/16,M1,M1_L8,M1_L8,1.013,0.134,0.108,0.012,,,,,,,,
3/8/16,M1,M1_L9,M1_L9,1.017,0.127,0.102,0.011,,,,,,,,
3/8/16,M1,M1_L10,M1_L10,0.995,0.123,0.099,0.009,on the edge of a boundary - a little difficult to measure,,,,,,,
3/8/16,M1,M1_L11,M1_L11,1.009,0.125,0.097,0.01,"doesn't have distinct ""D"" shape",,,,,,,
3/8/16,M1,M1_L12,M1_L12,0.991,0.123,0.098,0.01,,,,,,,,
3/8/16,M1,M1_L13,M1_L13,1.019,0.123,0.097,0.01,,,,,,,,
3/8/16,M1,M1_L14,M1_L14,1.012,0.113,0.09,0.008,,,,,,,,
3/8/16,M1,M1_L15,M1_L15toL16,0.995,0.127,0.096,0.011,,,,,,,,
3/8/16,M1,M1_L16,M1_L15toL16,0.995,0.137,0.102,0.012,,,,,,,,
3/8/16,M2,M2_L1,M2_L1toL5,1.05,0.126,0.104,0.011,,,,,,,,
3/8/16,M2,M2_L2,M2_L1toL5,1.05,0.141,0.107,0.013,,,,,,,,
3/8/16,M2,M2_L3,M2_L1toL5,1.05,0.142,0.106,0.011,,,,,,,,
3/8/16,M2,M2_L4,M2_L1toL5,1.05,0.13,0.102,0.011,,,,,,,,
3/8/16,M2,M2_L5,M2_L1toL5,1.05,0.137,0.111,0.011,,,,,,,,
3/8/16,M2,M2_L6,M2_L6toL8,1.046,0.147,0.107,0.014,,,,,,,,
3/8/16,M2,M2_L7,M2_L6toL8,1.046,0.129,0.107,0.011,,,,,,,,
3/8/16,M2,M2_L8,M2_L6toL8,1.046,0.136,0.106,0.011,,,,,,,,
3/8/16,M2,M2_L9,M2_L9toL11,1.045,0.133,0.106,0.011,,,,,,,,
3/8/16,M2,M2_L10,M2_L9toL11,1.045,0.127,0.102,0.011,,,,,,,,
3/8/16,M2,M2_L11,M2_L9toL11,1.045,0.133,0.105,0.011,,,,,,,,
3/8/16,M2,M2_L12,M2_L12toL16,1.049,0.125,0.1,0.01,,,,,,,,
3/8/16,M2,M2_L13,M2_L12toL16,1.049,0.125,0.094,0.01,,,,,,,,
3/8/16,M2,M2_L14,M2_L12toL16,1.049,0.128,0.103,0.011,,,,,,,,
3/8/16,M2,M2_L15,M2_L12toL16,1.049,0.131,0.1,0.011,,,,,,,,
3/8/16,M2,M2_L16,M2_L12toL16,1.049,0.142,0.108,0.012,,,,,,,,
3/8/16,M2,M2_L17,M2_L17toL20,1.054,0.131,0.099,0.01,,,,,,,,
3/8/16,M2,M2_L18,M2_L17toL20,1.054,0.135,0.103,0.011,,,,,,,,
3/8/16,M2,M2_L19,M2_L17toL20,1.054,0.131,0.105,0.012,,,,,,,,
3/8/16,M2,M2_L20,M2_L17toL20,1.054,0.13,0.103,0.011,,,,,,,,
3/8/16,M3,M3_L1,M3_L1toL20,0.997,0.139,0.106,0.012,,,,,,,,
3/8/16,M3,M3_L2,M3_L1toL20,0.997,0.138,0.106,0.012,,,,,,,,
3/8/16,M3,M3_L3,M3_L1toL20,0.997,0.125,0.095,0.01,,,,,,,,
3/8/16,M3,M3_L4,M3_L1toL20,0.997,0.11,0.09,0.008,,,,,,,,
3/8/16,M3,M3_L5,M3_L1toL20,0.997,0.123,0.098,0.01,,,,,,,,
3/8/16,M3,M3_L6,M3_L1toL20,0.997,0.125,0.097,0.011,,,,,,,,
3/8/16,M3,M3_L7,M3_L1toL20,0.997,0.119,0.095,0.01,,,,,,,,
3/8/16,M3,M3_L8,M3_L1toL20,0.997,0.118,0.096,0.009,,,,,,,,
3/8/16,M3,M3_L9,M3_L1toL20,0.997,0.123,0.097,0.009,,,,,,,,
3/8/16,M3,M3_L10,M3_L1toL20,0.997,0.114,0.09,0.009,,,,,,,,
3/8/16,M3,M3_L11,M3_L1toL20,0.997,0.113,0.096,0.009,,,,,,,,
3/8/16,M3,M3_L12,M3_L1toL20,0.997,0.121,0.093,0.009,,,,,,,,
3/8/16,M3,M3_L13,M3_L1toL20,0.997,0.122,0.088,0.008,,,,,,,,
3/8/16,M3,M3_L14,M3_L1toL20,0.997,0.116,0.096,0.01,,,,,,,,
3/8/16,M3,M3_L15,M3_L1toL20,0.997,0.127,0.092,0.01,,,,,,,,
3/8/16,M3,M3_L16,M3_L1toL20,0.997,0.122,0.097,0.01,,,,,,,,
3/8/16,M3,M3_L17,M3_L1toL20,0.997,0.123,0.091,0.009,,,,,,,,
3/8/16,M3,M3_L18,M3_L1toL20,0.997,0.114,0.089,0.008,,,,,,,,
3/8/16,M3,M3_L19,M3_L1toL20,0.997,0.121,0.091,0.009,,,,,,,,
3/8/16,M3,M3_L20,M3_L1toL20,0.997,0.115,0.092,0.009,,,,,,,,
3/8/16,M4,M4_L1,M4_L1toL20,1.001,0.134,0.106,0.011,,,,,,,,
3/8/16,M4,M4_L2,M4_L1toL20,1.001,0.132,0.098,0.011,,,,,,,,
3/8/16,M4,M4_L3,M4_L1toL20,1.001,0.13,0.099,0.01,,,,,,,,
3/8/16,M4,M4_L4,M4_L1toL20,1.001,0.132,0.104,0.012,,,,,,,,
3/8/16,M4,M4_L5,M4_L1toL20,1.001,0.128,0.099,0.01,,,,,,,,
3/8/16,M4,M4_L6,M4_L1toL20,1.001,0.133,0.106,0.011,,,,,,,,
3/8/16,M4,M4_L7,M4_L1toL20,1.001,0.129,0.105,0.011,,,,,,,,
3/8/16,M4,M4_L8,M4_L1toL20,1.001,0.128,0.098,0.01,,,,,,,,
3/8/16,M4,M4_L9,M4_L1toL20,1.001,0.122,0.096,0.009,,,,,,,,
3/8/16,M4,M4_L10,M4_L1toL20,1.001,0.124,0.098,0.01,,,,,,,,
3/8/16,M4,M4_L11,M4_L1toL20,1.001,0.123,0.099,0.011,,,,,,,,
3/8/16,M4,M4_L12,M4_L1toL20,1.001,0.128,0.096,0.01,,,,,,,,
3/8/16,M4,M4_L13,M4_L1toL20,1.001,0.134,0.107,0.013,,,,,,,,
3/8/16,M4,M4_L14,M4_L1toL20,1.001,0.136,0.107,0.012,,,,,,,,
3/8/16,M4,M4_L15,M4_L1toL20,1.001,0.126,0.097,0.011,,,,,,,,
3/8/16,M4,M4_L16,M4_L1toL20,1.001,0.119,0.1,0.009,,,,,,,,
3/8/16,M4,M4_L17,M4_L1toL20,1.001,0.132,0.098,0.01,,,,,,,,
3/8/16,M4,M4_L18,M4_L1toL20,1.001,0.135,0.105,0.011,,,,,,,,
3/8/16,M4,M4_L19,M4_L1toL20,1.001,0.135,0.103,0.011,,,,,,,,
3/8/16,M4,M4_L20,M4_L1toL20,1.001,0.131,0.095,0.01,,,,,,,,
3/8/16,M5,M5_L1,M5_L1toL4,1.029,0.146,0.103,0.012,,,,,,,,
3/8/16,M5,M5_L2,M5_L1toL4,1.029,0.109,0.1,0.01,,,,,,,,
3/8/16,M5,M5_L3,M5_L1toL4,1.029,0.122,0.108,0.01,,,,,,,,
3/8/16,M5,M5_L4,M5_L1toL4,1.029,0.149,0.106,0.012,,,,,,,,
3/8/16,M5,M5_L5,M5_L5toL9,1.004,0.097,0.103,0.009,oddly shaped - kind of round,,,,,,,
3/8/16,M5,M5_L6,M5_L5toL9,1.004,0.142,0.104,0.012,,,,,,,,
3/8/16,M5,M5_L7,M5_L5toL9,1.004,0.129,0.098,0.01,,,,,,,,
3/8/16,M5,M5_L8,M5_L5toL9,1.004,0.123,0.109,0.011,,,,,,,,
3/8/16,M5,M5_L9,M5_L5toL9,1.004,0.134,0.096,0.011,,,,,,,,
3/8/16,M5,M5_L10,M5_L10toL13,1.008,0.131,0.095,0.01,,,,,,,,
3/8/16,M5,M5_L11,M5_L10toL13,1.008,0.116,0.105,0.011,,,,,,,,
3/8/16,M5,M5_L12,M5_L10toL13,1.008,0.127,0.096,0.01,,,,,,,,
3/8/16,M5,M5_L13,M5_L10toL13,1.008,0.123,0.096,0.01,,,,,,,,
3/8/16,M5,M5_L14,M5_L14toL16,1.016,0.138,0.108,0.012,,,,,,,,
3/8/16,M5,M5_L15,M5_L14toL16,1.016,0.128,0.109,0.012,,,,,,,,
3/8/16,M5,M5_L16,M5_L14toL16,1.016,0.133,0.11,0.012,,,,,,,,
3/8/16,M5,M5_L17,M5_L17toL20,1.016,0.132,0.11,0.012,,,,,,,,
3/8/16,M5,M5_L18,M5_L17toL20,1.016,0.128,0.1,0.011,,,,,,,,
3/8/16,M5,M5_L19,M5_L17toL20,1.016,0.124,0.095,0.01,,,,,,,,
3/8/16,M5,M5_L20,M5_L17toL20,1.016,0.149,0.108,0.013,a little squashed,,,,,,,
3/10/16,M6,M6_L1,M6_L1toL8,1.011,0.134,0.109,0.012,,,,,,,,
3/10/16,M6,M6_L2,M6_L1toL8,1.011,0.152,0.114,0.014,,,,,,,,
3/10/16,M6,M6_L3,M6_L1toL8,1.011,0.138,0.105,0.012,,,,,,,,
3/10/16,M6,M6_L4,M6_L1toL8,1.011,0.134,0.111,0.012,,,,,,,,
3/10/16,M6,M6_L5,M6_L1toL8,1.011,0.128,0.112,0.012,,,,,,,,
3/10/16,M6,M6_L6,M6_L1toL8,1.011,0.125,0.116,0.01,,,,,,,,
3/10/16,M6,M6_L7,M6_L1toL8,1.011,0.14,0.113,0.013,,,,,,,,
3/10/16,M6,M6_L8,M6_L1toL8,1.011,0.146,0.108,0.014,,,,,,,,
3/10/16,M6,M6_L9,M6_L9toL15,1.026,0.149,0.11,0.014,,,,,,,,
3/10/16,M6,M6_L10,M6_L9toL15,1.026,0.142,0.114,0.013,,,,,,,,
3/10/16,M6,M6_L11,M6_L9toL15,1.026,0.118,0.098,0.01,,,,,,,,
3/10/16,M6,M6_L12,M6_L9toL15,1.026,0.121,0.096,0.01,,,,,,,,
3/10/16,M6,M6_L13,M6_L9toL15,1.026,0.135,0.111,0.012,,,,,,,,
3/10/16,M6,M6_L14,M6_L9toL15,1.026,0.121,0.102,0.01,,,,,,,,
3/10/16,M6,M6_L15,M6_L9toL15,1.026,0.148,0.12,0.014,,,,,,,,
3/10/16,M6,M6_L16,M6_L16toL20,1.033,0.159,0.116,0.015,,,,,,,,
3/10/16,M6,M6_L17,M6_L16toL20,1.033,0.145,0.124,0.015,,,,,,,,
3/10/16,M6,M6_L18,M6_L16toL20,1.033,0.143,0.126,0.015,,,,,,,,
3/10/16,M6,M6_L19,M6_L16toL20,1.033,0.139,0.112,0.013,,,,,,,,
3/10/16,M6,M6_L20,M6_L16toL20,1.033,0.144,0.114,0.014,,,,,,,,
3/10/16,M7,M7_L1,M7_L1toL5,1,0.111,0.097,0.009,,,,,,,,
3/10/16,M7,M7_L2,M7_L1toL5,1,0.144,0.106,0.013,,,,,,,,
3/10/16,M7,M7_L3,M7_L1toL5,1,0.139,0.113,0.012,,,,,,,,
3/10/16,M7,M7_L4,M7_L1toL5,1,0.124,0.089,0.01,,,,,,,,
3/10/16,M7,M7_L5,M7_L1toL5,1,0.124,0.107,0.011,,,,,,,,
3/10/16,M7,M7_L6,M7_L6toL7,1.026,0.124,0.108,0.011,,,,,,,,
3/10/16,M7,M7_L7,M7_L6toL7,1.026,0.142,0.112,0.013,,,,,,,,
3/10/16,M7,M7_L8,M7_L8toL10,1.043,0.146,0.113,0.014,,,,,,,,
3/10/16,M7,M7_L9,M7_L8toL10,1.043,0.135,0.106,0.012,,,,,,,,
3/10/16,M7,M7_L10,M7_L8toL10,1.043,0.149,0.108,0.013,,,,,,,,
3/10/16,M7,M7_L11,M7_L11toL13,1.09,0.156,0.117,0.014,,,,,,,,
3/10/16,M7,M7_L12,M7_L11toL13,1.09,0.151,0.116,0.014,,,,,,,,
3/10/16,M7,M7_L13,M7_L11toL13,1.09,0.139,0.107,0.012,,,,,,,,
3/10/16,M7,M7_L14,M7_L14toL18,1.037,0.135,0.108,0.012,,,,,,,,
3/10/16,M7,M7_L15,M7_L14toL18,1.037,0.128,0.101,0.011,,,,,,,,
3/10/16,M7,M7_L16,M7_L14toL18,1.037,0.138,0.11,0.012,,,,,,,,
3/10/16,M7,M7_L17,M7_L14toL18,1.037,0.16,0.118,0.016,,,,,,,,
3/10/16,M7,M7_L18,M7_L14toL18,1.037,0.143,0.122,0.014,only had 18 measurable larvae. ,,,,,,,
3/10/16,M7,M7_L19,,,,,,,,,,,,,
3/10/16,M7,M7_L20,,,,,,,,,,,,,
3/10/16,M8,M8_L1,M8_L1toL18,0.998,0.138,0.109,0.012,,,,,,,,
3/10/16,M8,M8_L2,M8_L1toL18,0.998,0.15,0.112,0.014,,,,,,,,
3/10/16,M8,M8_L3,M8_L1toL18,0.998,0.129,0.108,0.012,,,,,,,,
3/10/16,M8,M8_L4,M8_L1toL18,0.998,0.132,0.104,0.012,,,,,,,,
3/10/16,M8,M8_L5,M8_L1toL18,0.998,0.15,0.121,0.015,,,,,,,,
3/10/16,M8,M8_L6,M8_L1toL18,0.998,0.137,0.113,0.013,,,,,,,,
3/10/16,M8,M8_L7,M8_L1toL18,0.998,0.159,0.114,0.015,,,,,,,,
3/10/16,M8,M8_L8,M8_L1toL18,0.998,0.151,0.116,0.015,,,,,,,,
3/10/16,M8,M8_L9,M8_L1toL18,0.998,0.148,0.104,0.013,,,,,,,,
3/10/16,M8,M8_L10,M8_L1toL18,0.998,0.138,0.106,0.012,,,,,,,,
3/10/16,M8,M8_L11,M8_L1toL18,0.998,0.142,0.118,0.014,,,,,,,,
3/10/16,M8,M8_L12,M8_L1toL18,0.998,0.159,0.108,0.014,,,,,,,,
3/10/16,M8,M8_L13,M8_L1toL18,0.998,0.138,0.107,0.012,,,,,,,,
3/10/16,M8,M8_L14,M8_L1toL18,0.998,0.137,0.109,0.012,,,,,,,,
3/10/16,M8,M8_L15,M8_L1toL18,0.998,0.133,0.109,0.012,,,,,,,,
3/10/16,M8,M8_L16,M8_L1toL18,0.998,0.138,0.106,0.012,,,,,,,,
3/10/16,M8,M8_L17,M8_L1toL18,0.998,0.137,0.115,0.013,,,,,,,,
3/10/16,M8,M8_L18,M8_L1toL18,0.998,0.136,0.099,0.011,,,,,,,,
3/10/16,M8,M8_L19,M8_L19toL20,1.011,0.15,0.119,0.014,,,,,,,,
3/10/16,M8,M8_L20,M8_L19toL20,1.011,0.145,0.127,0.015,,,,,,,,
3/10/16,M9,M9_L1,M9_L1toL7,1.021,0.149,0.12,0.015,,,,,,,,
3/10/16,M9,M9_L2,M9_L1toL7,1.021,0.135,0.112,0.013,,,,,,,,
3/10/16,M9,M9_L3,M9_L1toL7,1.021,0.149,0.12,0.015,,,,,,,,
3/10/16,M9,M9_L4,M9_L1toL7,1.021,0.134,0.112,0.012,,,,,,,,
3/10/16,M9,M9_L5,M9_L1toL7,1.021,0.139,0.112,0.013,,,,,,,,
3/10/16,M9,M9_L6,M9_L1toL7,1.021,0.149,0.113,0.014,,,,,,,,
3/10/16,M9,M9_L7,M9_L1toL7,1.021,0.141,0.115,0.014,,,,,,,,
3/10/16,M9,M9_L8,M9_L8toL17,1.019,0.148,0.121,0.015,,,,,,,,
3/10/16,M9,M9_L9,M9_L8toL17,1.019,0.148,0.119,0.014,,,,,,,,
3/10/16,M9,M9_L10,M9_L8toL17,1.019,0.147,0.123,0.014,,,,,,,,
3/10/16,M9,M9_L11,M9_L8toL17,1.019,0.13,0.105,0.01,,,,,,,,
3/10/16,M9,M9_L12,M9_L8toL17,1.019,0.145,0.115,0.014,,,,,,,,
3/10/16,M9,M9_L13,M9_L8toL17,1.019,0.136,0.111,0.013,,,,,,,,
3/10/16,M9,M9_L14,M9_L8toL17,1.019,0.143,0.112,0.013,,,,,,,,
3/10/16,M9,M9_L15,M9_L8toL17,1.019,0.139,0.108,0.012,,,,,,,,
3/10/16,M9,M9_L16,M9_L8toL17,1.019,0.117,0.108,0.01,,,,,,,,
3/10/16,M9,M9_L17,M9_L8toL17,1.019,0.137,0.103,0.012,,,,,,,,
3/10/16,M9,M9_L18,M9_L18toL20,1.038,0.143,0.12,0.015,,,,,,,,
3/10/16,M9,M9_L19,M9_L18toL20,1.038,0.145,0.114,0.014,,,,,,,,
3/10/16,M9,M9_L20,M9_L18toL20,1.038,0.138,0.115,0.013,,,,,,,,
3/10/16,M10,M10_L1,M10_L1toL6,1.038,0.15,0.106,0.013,,,,,,,,
3/10/16,M10,M10_L2,M10_L1toL6,1.038,0.136,0.105,0.011,,,,,,,,
3/10/16,M10,M10_L3,M10_L1toL6,1.038,0.14,0.111,0.013,,,,,,,,
3/10/16,M10,M10_L4,M10_L1toL6,1.038,0.142,0.112,0.013,,,,,,,,
3/10/16,M10,M10_L5,M10_L1toL6,1.038,0.13,0.101,0.011,,,,,,,,
3/10/16,M10,M10_L6,M10_L1toL6,1.038,0.159,0.115,0.015,,,,,,,,
3/10/16,M10,M10_L7,M10_L7toL11,1.038,0.14,0.115,0.013,,,,,,,,
3/10/16,M10,M10_L8,M10_L7toL11,1.038,0.153,0.115,0.014,,,,,,,,
3/10/16,M10,M10_L9,M10_L7toL11,1.038,0.146,0.107,0.013,,,,,,,,
3/10/16,M10,M10_L10,M10_L7toL11,1.038,0.139,0.109,0.012,,,,,,,,
3/10/16,M10,M10_L11,M10_L7toL11,1.038,0.145,0.116,0.013,,,,,,,,
3/10/16,M10,M10_L12,M10_L12toL17,1.057,0.149,0.101,0.012,,,,,,,,
3/10/16,M10,M10_L13,M10_L12toL17,1.057,0.142,0.114,0.014,,,,,,,,
3/10/16,M10,M10_L14,M10_L12toL17,1.057,0.138,0.113,0.013,,,,,,,,
3/10/16,M10,M10_L15,M10_L12toL17,1.057,0.133,0.106,0.011,,,,,,,,
3/10/16,M10,M10_L16,M10_L12toL17,1.057,0.143,0.115,0.012,,,,,,,,
3/10/16,M10,M10_L17,M10_L12toL17,1.057,0.151,0.118,0.014,,,,,,,,
3/10/16,M10,M10_L18,M10_L18toL20,1.07,0.14,0.124,0.014,,,,,,,,
3/10/16,M10,M10_L19,M10_L18toL20,1.07,0.138,0.111,0.012,,,,,,,,
3/10/16,M10,M10_L20,M10_L18toL20,1.07,0.136,0.109,0.012,,,,,,,,
3/10/16,M11,M11_L1,M11_L1toL4,1,0.146,0.115,0.014,,,,,,,,
3/10/16,M11,M11_L2,M11_L1toL4,1,0.136,0.102,0.012,,,,,,,,
3/10/16,M11,M11_L3,M11_L1toL4,1,0.138,0.111,0.012,,,,,,,,
3/10/16,M11,M11_L4,M11_L1toL4,1,0.138,0.106,0.012,,,,,,,,
3/10/16,M11,M11_L5,M11_L5toL8,1,0.146,0.115,0.013,"forgot to set scale for M11_L1toL4 as global, so reset scale for this image and marked as global",,,,,,,
3/10/16,M11,M11_L6,M11_L5toL8,1,0.139,0.112,0.013,,,,,,,,
3/10/16,M11,M11_L7,M11_L5toL8,1,0.126,0.114,0.012,,,,,,,,
3/10/16,M11,M11_L8,M11_L5toL8,1,0.123,0.101,0.01,,,,,,,,
3/10/16,M11,M11_L9,M11_L9toL12,0.986,0.156,0.121,0.016,,,,,,,,
3/10/16,M11,M11_L10,M11_L9toL12,0.986,0.144,0.11,0.012,,,,,,,,
3/10/16,M11,M11_L11,M11_L9toL12,0.986,0.136,0.111,0.012,,,,,,,,
3/10/16,M11,M11_L12,M11_L9toL12,0.986,0.132,0.1,0.012,,,,,,,,
3/10/16,M11,M11_L13,M11_L13toL18,1.011,0.145,0.109,0.014,,,,,,,,
3/10/16,M11,M11_L14,M11_L13toL18,1.011,0.133,0.11,0.011,,,,,,,,
3/10/16,M11,M11_L15,M11_L13toL18,1.011,0.135,0.099,0.012,,,,,,,,
3/10/16,M11,M11_L16,M11_L13toL18,1.011,0.139,0.112,0.014,,,,,,,,
3/10/16,M11,M11_L17,M11_L13toL18,1.011,0.142,0.106,0.013,,,,,,,,
3/10/16,M11,M11_L18,M11_L13toL18,1.011,0.128,0.093,0.01,,,,,,,,
3/10/16,M11,M11_L19,M11_L19toL20,0.976,0.145,0.12,0.015,,,,,,,,
3/10/16,M11,M11_L20,M11_L19toL20,0.976,0.138,0.111,0.013,,,,,,,,
3/10/16,M12,M12_L1,M12_L1toL20,1.028,0.142,0.109,0.013,,,,,,,,
3/10/16,M12,M12_L2,M12_L1toL20,1.028,0.123,0.094,0.011,,,,,,,,
3/10/16,M12,M12_L3,M12_L1toL20,1.028,0.14,0.11,0.012,,,,,,,,
3/10/16,M12,M12_L4,M12_L1toL20,1.028,0.14,0.11,0.013,,,,,,,,
3/10/16,M12,M12_L5,M12_L1toL20,1.028,0.14,0.109,0.013,,,,,,,,
3/10/16,M12,M12_L6,M12_L1toL20,1.028,0.155,0.114,0.014,,,,,,,,
3/10/16,M12,M12_L7,M12_L1toL20,1.028,0.147,0.115,0.014,,,,,,,,
3/10/16,M12,M12_L8,M12_L1toL20,1.028,0.137,0.113,0.013,,,,,,,,
3/10/16,M12,M12_L9,M12_L1toL20,1.028,0.13,0.109,0.012,,,,,,,,
3/10/16,M12,M12_L10,M12_L1toL20,1.028,0.124,0.099,0.01,,,,,,,,
3/10/16,M12,M12_L11,M12_L1toL20,1.028,0.134,0.107,0.012,,,,,,,,
3/10/16,M12,M12_L12,M12_L1toL20,1.028,0.14,0.109,0.014,,,,,,,,
3/10/16,M12,M12_L13,M12_L1toL20,1.028,0.15,0.119,0.015,,,,,,,,
3/10/16,M12,M12_L14,M12_L1toL20,1.028,0.136,0.108,0.012,,,,,,,,
3/10/16,M12,M12_L15,M12_L1toL20,1.028,0.145,0.108,0.012,,,,,,,,
3/10/16,M12,M12_L16,M12_L1toL20,1.028,0.145,0.11,0.014,,,,,,,,
3/10/16,M12,M12_L17,M12_L1toL20,1.028,0.135,0.104,0.012,,,,,,,,
3/10/16,M12,M12_L18,M12_L1toL20,1.028,0.135,0.106,0.012,,,,,,,,
3/10/16,M12,M12_L19,M12_L1toL20,1.028,0.127,0.109,0.011,,,,,,,,
3/10/16,M12,M12_L20,M12_L1toL20,1.028,0.149,0.116,0.015,,,,,,,,
3/10/16,M13,M13_L1,M13_L1toL7,1.003,0.151,0.119,0.014,,,,,,,,
3/10/16,M13,M13_L2,M13_L1toL7,1.003,0.147,0.124,0.015,,,,,,,,
3/10/16,M13,M13_L3,M13_L1toL7,1.003,0.128,0.1,0.011,,,,,,,,
3/10/16,M13,M13_L4,M13_L1toL7,1.003,0.144,0.111,0.013,,,,,,,,
3/10/16,M13,M13_L5,M13_L1toL7,1.003,0.14,0.097,0.012,,,,,,,,
3/10/16,M13,M13_L6,M13_L1toL7,1.003,0.143,0.115,0.014,,,,,,,,
3/10/16,M13,M13_L7,M13_L1toL7,1.003,0.144,0.117,0.014,,,,,,,,
3/10/16,M13,M13_L8,M13_L8toL12,1.032,0.145,0.111,0.014,,,,,,,,
3/10/16,M13,M13_L9,M13_L8toL12,1.032,0.126,0.112,0.012,,,,,,,,
3/10/16,M13,M13_L10,M13_L8toL12,1.032,0.142,0.11,0.013,,,,,,,,
3/10/16,M13,M13_L11,M13_L8toL12,1.032,0.145,0.115,0.015,,,,,,,,
3/10/16,M13,M13_L12,M13_L8toL12,1.032,0.101,0.144,0.013,,,,,,,,
3/10/16,M13,M13_L13,M13_L13toL17,1.011,0.135,0.106,0.011,,,,,,,,
3/10/16,M13,M13_L14,M13_L13toL17,1.011,0.136,0.099,0.011,,,,,,,,
3/10/16,M13,M13_L15,M13_L13toL17,1.011,0.131,0.104,0.011,,,,,,,,
3/10/16,M13,M13_L16,M13_L13toL17,1.011,0.152,0.119,0.015,,,,,,,,
3/10/16,M13,M13_L17,M13_L13toL17,1.011,0.108,0.094,0.009,,,,,,,,
3/10/16,M13,M13_L18,M13_L18toL20,1.014,0.126,0.098,0.01,,,,,,,,
3/10/16,M13,M13_L19,M13_L18toL20,1.014,0.141,0.103,0.012,,,,,,,,
3/10/16,M13,M13_L20,M13_L18toL20,1.014,0.149,0.112,0.014,,,,,,,,
3/10/16,M14,M14_L1,M14_L1toL6,0.998,0.138,0.122,0.015,,,,,,,,
3/10/16,M14,M14_L2,M14_L1toL6,0.998,0.116,0.092,0.009,,,,,,,,
3/10/16,M14,M14_L3,M14_L1toL6,0.998,0.148,0.126,0.015,,,,,,,,
3/10/16,M14,M14_L4,M14_L1toL6,0.998,0.139,0.112,0.012,,,,,,,,
3/10/16,M14,M14_L5,M14_L1toL6,0.998,0.138,0.113,0.013,,,,,,,,
3/10/16,M14,M14_L6,M14_L1toL6,0.998,0.132,0.101,0.01,,,,,,,,
3/10/16,M14,M14_L7,M14_L7toL10,1.004,0.144,0.11,0.014,,,,,,,,
3/10/16,M14,M14_L8,M14_L7toL10,1.004,0.114,0.093,0.008,,,,,,,,
3/10/16,M14,M14_L9,M14_L7toL10,1.004,0.139,0.108,0.012,,,,,,,,
3/10/16,M14,M14_L10,M14_L7toL10,1.004,0.137,0.118,0.013,,,,,,,,
3/10/16,M14,M14_L11,M14_L11toL14,0.988,0.145,0.101,0.012,,,,,,,,
3/10/16,M14,M14_L12,M14_L11toL14,0.988,0.136,0.123,0.014,,,,,,,,
3/10/16,M14,M14_L13,M14_L11toL14,0.988,0.139,0.105,0.013,most complete looking larvae thus far,,,,,,,
3/10/16,M14,M14_L14,M14_L11toL14,0.988,0.144,0.109,0.014,,,,,,,,
3/10/16,M14,M14_L15,M14_L15toL20,1.033,0.138,0.109,0.012,,,,,,,,
3/10/16,M14,M14_L16,M14_L15toL20,1.033,0.133,0.104,0.012,,,,,,,,
3/10/16,M14,M14_L17,M14_L15toL20,1.033,0.145,0.122,0.014,,,,,,,,
3/10/16,M14,M14_L18,M14_L15toL20,1.033,0.135,0.109,0.012,,,,,,,,
3/10/16,M14,M14_L19,M14_L15toL20,1.033,0.143,0.104,0.013,,,,,,,,
3/10/16,M14,M14_L20,M14_L15toL20,1.033,0.139,0.105,0.012,,,,,,,,
3/10/16,M15,M15_L1,M15_L1toL7,0.997,0.143,0.096,0.01,,,,,,,,
3/10/16,M15,M15_L2,M15_L1toL7,0.997,0.119,0.102,0.01,,,,,,,,
3/10/16,M15,M15_L3,M15_L1toL7,0.997,0.142,0.104,0.012,,,,,,,,
3/10/16,M15,M15_L4,M15_L1toL7,0.997,0.136,0.104,0.011,,,,,,,,
3/10/16,M15,M15_L5,M15_L1toL7,0.997,0.132,0.105,0.011,,,,,,,,
3/10/16,M15,M15_L6,M15_L1toL7,0.997,0.139,0.109,0.013,,,,,,,,
3/10/16,M15,M15_L7,M15_L1toL7,0.997,0.123,0.099,0.011,,,,,,,,
3/10/16,M15,M15_L8,M15_L8toL14,0.986,0.16,0.12,0.015,,,,,,,,
3/10/16,M15,M15_L9,M15_L8toL14,0.986,0.113,0.088,0.008,,,,,,,,
3/10/16,M15,M15_L10,M15_L8toL14,0.986,0.143,0.115,0.013,,,,,,,,
3/10/16,M15,M15_L11,M15_L8toL14,0.986,0.13,0.1,0.011,,,,,,,,
3/10/16,M15,M15_L12,M15_L8toL14,0.986,0.124,0.103,0.011,,,,,,,,
3/10/16,M15,M15_L13,M15_L8toL14,0.986,0.128,0.104,0.01,,,,,,,,
3/10/16,M15,M15_L14,M15_L8toL14,0.986,0.136,0.11,0.012,,,,,,,,
3/10/16,M15,M15_L15,M15_L15toL20,1.028,0.143,0.118,0.014,,,,,,,,
3/10/16,M15,M15_L16,M15_L15toL20,1.028,0.137,0.117,0.013,,,,,,,,
3/10/16,M15,M15_L17,M15_L15toL20,1.028,0.134,0.1,0.012,,,,,,,,
3/10/16,M15,M15_L18,M15_L15toL20,1.028,0.131,0.111,0.012,,,,,,,,
3/10/16,M15,M15_L19,M15_L15toL20,1.028,0.134,0.114,0.014,,,,,,,,
3/10/16,M15,M15_L20,M15_L15toL20,1.028,0.14,0.108,0.012,,,,,,,,
3/10/16,M16,M16_L1,M16_L1toL8,0.99,0.155,0.124,0.016,,,,,,,,
3/10/16,M16,M16_L2,M16_L1toL8,0.99,0.137,0.11,0.012,,,,,,,,
3/10/16,M16,M16_L3,M16_L1toL8,0.99,0.167,0.119,0.017,,,,,,,,
3/10/16,M16,M16_L4,M16_L1toL8,0.99,0.138,0.087,0.01,,,,,,,,
3/10/16,M16,M16_L5,M16_L1toL8,0.99,0.144,0.116,0.014,,,,,,,,
3/10/16,M16,M16_L6,M16_L1toL8,0.99,0.137,0.112,0.013,,,,,,,,
3/10/16,M16,M16_L7,M16_L1toL8,0.99,0.12,0.098,0.01,,,,,,,,
3/10/16,M16,M16_L8,M16_L1toL8,0.99,0.135,0.1,0.011,,,,,,,,
3/10/16,M16,M16_L9,M16_L9toL12,1.028,0.108,0.089,0.008,,,,,,,,
3/10/16,M16,M16_L10,M16_L9toL12,1.028,0.134,0.109,0.013,,,,,,,,
3/10/16,M16,M16_L11,M16_L9toL12,1.028,0.132,0.112,0.011,,,,,,,,
3/10/16,M16,M16_L12,M16_L9toL12,1.028,0.131,0.1,0.011,,,,,,,,
3/10/16,M16,M16_L13,M16_L14toL17,1.036,0.147,0.12,0.015,,,,,,,,
3/10/16,M16,M16_L14,M16_L14toL17,1.036,0.132,0.106,0.012,,,,,,,,
3/10/16,M16,M16_L15,M16_L14toL17,1.036,0.135,0.103,0.012,,,,,,,,
3/10/16,M16,M16_L16,M16_L14toL17,1.036,0.137,0.106,0.013,,,,,,,,
3/10/16,M16,M16_L17,M16_L14toL17,1.036,0.152,0.112,0.014,,,,,,,,
3/10/16,M16,M16_L18,M16_L18toL20,1.007,0.142,0.11,0.01,,,,,,,,
3/10/16,M16,M16_L19,M16_L18toL20,1.007,0.134,0.103,0.01,,,,,,,,
3/10/16,M16,M16_L20,M16_L18toL20,1.007,0.137,0.11,0.01,,,,,,,,
3/10/16,M17,M17_L1,M17_L1toL7,1,0.128,0.104,0.011,,,,,,,,
3/10/16,M17,M17_L2,M17_L1toL7,1,0.133,0.106,0.012,,,,,,,,
3/10/16,M17,M17_L3,M17_L1toL7,1,0.144,0.112,0.013,,,,,,,,
3/10/16,M17,M17_L4,M17_L1toL7,1,0.141,0.106,0.013,,,,,,,,
3/10/16,M17,M17_L5,M17_L1toL7,1,0.135,0.106,0.011,,,,,,,,
3/10/16,M17,M17_L6,M17_L1toL7,1,0.129,0.099,0.01,,,,,,,,
3/10/16,M17,M17_L7,M17_L1toL7,1,0.113,0.096,0.009,,,,,,,,
3/10/16,M17,M17_L8,M17_L8toL11,0.989,0.128,0.097,0.011,,,,,,,,
3/10/16,M17,M17_L9,M17_L8toL11,0.989,0.153,0.113,0.014,,,,,,,,
3/10/16,M17,M17_L10,M17_L8toL11,0.989,0.14,0.108,0.012,,,,,,,,
3/10/16,M17,M17_L11,M17_L8toL11,0.989,0.143,0.109,0.013,,,,,,,,
3/10/16,M17,M17_L12,M17_L12toL16,1.003,0.141,0.112,0.012,,,,,,,,
3/10/16,M17,M17_L13,M17_L12toL16,1.003,0.136,0.107,0.012,,,,,,,,
3/10/16,M17,M17_L14,M17_L12toL16,1.003,0.132,0.106,0.012,,,,,,,,
3/10/16,M17,M17_L15,M17_L12toL16,1.003,0.137,0.108,0.011,,,,,,,,
3/10/16,M17,M17_L16,M17_L12toL16,1.003,0.139,0.117,0.014,,,,,,,,
3/10/16,M17,M17_L17,M17_L17toL20,1.003,0.141,0.107,0.012,,,,,,,,
3/10/16,M17,M17_L18,M17_L17toL20,1.003,0.134,0.11,0.011,,,,,,,,
3/10/16,M17,M17_L19,M17_L17toL20,1.003,0.14,0.102,0.012,,,,,,,,
3/10/16,M17,M17_L20,M17_L17toL20,1.003,0.156,0.123,0.015,,,,,,,,
3/10/16,M18,M18_L1,M18_L1toL5,1,0.141,0.117,0.014,,,,,,,,
3/10/16,M18,M18_L2,M18_L1toL5,1,0.136,0.113,0.013,,,,,,,,
3/10/16,M18,M18_L3,M18_L1toL5,1,0.145,0.113,0.014,,,,,,,,
3/10/16,M18,M18_L4,M18_L1toL5,1,0.137,0.108,0.012,,,,,,,,
3/10/16,M18,M18_L5,M18_L1toL5,1,0.129,0.097,0.01,,,,,,,,
3/10/16,M18,M18_L6,M18_L6toL11,1.011,0.149,0.122,0.015,,,,,,,,
3/10/16,M18,M18_L7,M18_L6toL11,1.011,0.147,0.114,0.014,,,,,,,,
3/10/16,M18,M18_L8,M18_L6toL11,1.011,0.143,0.116,0.014,,,,,,,,
3/10/16,M18,M18_L9,M18_L6toL11,1.011,0.123,0.098,0.01,,,,,,,,
3/10/16,M18,M18_L10,M18_L6toL11,1.011,0.139,0.102,0.012,,,,,,,,
3/10/16,M18,M18_L11,M18_L6toL11,1.011,0.129,0.104,0.011,,,,,,,,
3/10/16,M18,M18_L12,M18_L12toL14,1.044,0.129,0.108,0.012,,,,,,,,
3/10/16,M18,M18_L13,M18_L12toL14,1.044,0.165,0.123,0.017,,,,,,,,
3/10/16,M18,M18_L14,M18_L12toL14,1.044,0.125,0.104,0.011,,,,,,,,
3/10/16,M18,M18_L15,M18_L15toL16,1.021,0.129,0.11,0.013,,,,,,,,
3/10/16,M18,M18_L16,M18_L15toL16,1.021,0.133,0.114,0.012,,,,,,,,
3/10/16,M18,M18_L17,M18_L17toL19,1.007,0.141,0.116,0.014,,,,,,,,
3/10/16,M18,M18_L18,M18_L17toL19,1.007,0.137,0.111,0.012,,,,,,,,
3/10/16,M18,M18_L19,M18_L17toL19,1.007,0.145,0.117,0.014,,,,,,,,
3/10/16,M18,M18_L20,M18_L20,1.001,0.147,0.113,0.014,,,,,,,,
3/10/16,M19,M19_L1,M19_L1toL5,1.011,0.125,0.102,0.011,,,,,,,,
3/10/16,M19,M19_L2,M19_L1toL5,1.011,0.152,0.113,0.014,,,,,,,,
3/10/16,M19,M19_L3,M19_L1toL5,1.011,0.126,0.105,0.011,,,,,,,,
3/10/16,M19,M19_L4,M19_L1toL5,1.011,0.137,0.109,0.012,,,,,,,,
3/10/16,M19,M19_L5,M19_L1toL5,1.011,0.137,0.112,0.012,,,,,,,,
3/10/16,M19,M19_L6,M19_L6toL10,1.012,0.145,0.108,0.013,,,,,,,,
3/10/16,M19,M19_L7,M19_L6toL10,1.012,0.151,0.104,0.014,,,,,,,,
3/10/16,M19,M19_L8,M19_L6toL10,1.012,0.15,0.11,0.014,,,,,,,,
3/10/16,M19,M19_L9,M19_L6toL10,1.012,0.144,0.115,0.014,,,,,,,,
3/10/16,M19,M19_L10,M19_L6toL10,1.012,0.139,0.112,0.012,,,,,,,,
3/10/16,M19,M19_L11,M19_L11toL15,0.986,0.142,0.107,0.013,,,,,,,,
3/10/16,M19,M19_L12,M19_L11toL15,0.986,0.146,0.105,0.013,,,,,,,,
3/10/16,M19,M19_L13,M19_L11toL15,0.986,0.14,0.107,0.012,,,,,,,,
3/10/16,M19,M19_L14,M19_L11toL15,0.986,0.135,0.107,0.013,,,,,,,,
3/10/16,M19,M19_L15,M19_L11toL15,0.986,0.128,0.104,0.011,,,,,,,,
3/10/16,M19,M19_L16,M19_L16toL20,1.072,0.148,0.108,0.014,,,,,,,,
3/10/16,M19,M19_L17,M19_L16toL20,1.072,0.144,0.113,0.014,,,,,,,,
3/10/16,M19,M19_L18,M19_L16toL20,1.072,0.146,0.106,0.014,,,,,,,,
3/10/16,M19,M19_L19,M19_L16toL20,1.072,0.143,0.102,0.012,,,,,,,,
3/10/16,M19,M19_L20,M19_L16toL20,1.072,0.144,0.113,0.013,,,,,,,,
3/10/16,M20,M20_L1,M20_L1toL5,1.047,0.126,0.103,0.011,,,,,,,,
3/10/16,M20,M20_L2,M20_L1toL5,1.047,0.151,0.132,0.017,,,,,,,,
3/10/16,M20,M20_L3,M20_L1toL5,1.047,0.135,0.105,0.012,,,,,,,,
3/10/16,M20,M20_L4,M20_L1toL5,1.047,0.14,0.111,0.012,,,,,,,,
3/10/16,M20,M20_L5,M20_L1toL5,1.047,0.124,0.096,0.009,,,,,,,,
3/10/16,M20,M20_L6,M20_L6toL11,1.026,0.154,0.117,0.016,,,,,,,,
3/10/16,M20,M20_L7,M20_L6toL11,1.026,0.128,0.107,0.011,,,,,,,,
3/10/16,M20,M20_L8,M20_L6toL11,1.026,0.117,0.096,0.009,,,,,,,,
3/10/16,M20,M20_L9,M20_L6toL11,1.026,0.156,0.118,0.015,,,,,,,,
3/10/16,M20,M20_L10,M20_L6toL11,1.026,0.136,0.102,0.012,,,,,,,,
3/10/16,M20,M20_L11,M20_L6toL11,1.026,0.155,0.114,0.015,,,,,,,,
3/10/16,M20,M20_L12,M20_L12toL17,1.025,0.141,0.107,0.012,,,,,,,,
3/10/16,M20,M20_L13,M20_L12toL17,1.025,0.133,0.101,0.011,,,,,,,,
3/10/16,M20,M20_L14,M20_L12toL17,1.025,0.142,0.114,0.014,,,,,,,,
3/10/16,M20,M20_L15,M20_L12toL17,1.025,0.144,0.115,0.013,,,,,,,,
3/10/16,M20,M20_L16,M20_L12toL17,1.025,0.138,0.106,0.012,,,,,,,,
3/10/16,M20,M20_L17,M20_L12toL17,1.025,0.144,0.109,0.013,,,,,,,,
3/10/16,M20,M20_L18,M20_L18toL20,1.033,0.143,0.114,0.014,,,,,,,,
3/10/16,M20,M20_L19,M20_L18toL20,1.033,0.137,0.11,0.012,,,,,,,,
3/10/16,M20,M20_L20,M20_L18toL20,1.033,0.124,0.109,0.012,,,,,,,,
3/10/16,M21,M21_L1,M21_L1toL4,1,0.131,0.102,0.011,,,,,,,,
3/10/16,M21,M21_L2,M21_L1toL4,1,0.138,0.112,0.012,,,,,,,,
3/10/16,M21,M21_L3,M21_L1toL4,1,0.122,0.1,0.01,,0.179,0.148,0.022,,,,
3/10/16,M21,M21_L4,M21_L1toL4,1,0.149,0.112,0.014,,0.18,0.148,0.022,looks like syphon may be developing?,,,Do i include outer tissue outside shell in area measurement?
3/10/16,M21,M21_L5,M21_L5toL8,1.002,0.131,0.109,0.012,,0.174,0.146,0.023,,,,
3/10/16,M21,M21_L6,M21_L5toL8,1.002,0.125,0.1,0.011,,0.172,0.143,0.021,looks like syphon may be developing?,,,Do i include outer tissue outside shell in area measurement?
3/10/16,M21,M21_L7,M21_L5toL8,1.002,0.14,0.11,0.012,,,,,,,,
3/10/16,M21,M21_L8,M21_L5toL8,1.002,0.147,0.109,0.014,,,,,,,,
3/10/16,M21,M21_L9,M21_L9toL13,0.994,0.143,0.121,0.015,,,,,,,,
3/10/16,M21,M21_L10,M21_L9toL13,0.994,0.136,0.11,0.012,,,,,,,,
3/10/16,M21,M21_L11,M21_L9toL13,0.994,0.138,0.113,0.013,,,,,,,,
3/10/16,M21,M21_L12,M21_L9toL13,0.994,0.123,0.094,0.01,,,,,,,,
3/10/16,M21,M21_L13,M21_L9toL13,0.994,0.128,0.1,0.01,,,,,,,,
3/10/16,M21,M21_L14,M21_L14toL18,1,0.132,0.1,0.011,,,,,,,,
3/10/16,M21,M21_L15,M21_L14toL18,1,0.127,0.094,0.01,,,,,,,,
3/10/16,M21,M21_L16,M21_L14toL18,1,0.137,0.109,0.012,,,,,,,,
3/10/16,M21,M21_L17,M21_L14toL18,1,0.144,0.115,0.014,,,,,,,,
3/10/16,M21,M21_L18,M21_L14toL18,1,0.095,0.083,0.006,"was at an odd angle, so measurements are smaller than would normally be",,,,,,,
3/10/16,M21,M21_L19,,,,,,,,,,,,,
3/10/16,M21,M21_L20,,,,,,,,,,,,,
3/10/16,M22,M22_L1,M22_L1toL6,1.034,0.144,0.11,0.014,,,,,,,,
3/10/16,M22,M22_L2,M22_L1toL6,1.034,0.136,0.106,0.013,,,,,,,,
3/10/16,M22,M22_L3,M22_L1toL6,1.034,0.136,0.109,0.013,,,,,,,,
3/10/16,M22,M22_L4,M22_L1toL6,1.034,0.139,0.11,0.013,,,,,,,,
3/10/16,M22,M22_L5,M22_L1toL6,1.034,0.142,0.119,0.014,,,,,,,,
3/10/16,M22,M22_L6,M22_L1toL6,1.034,0.143,0.11,0.013,,,,,,,,
3/10/16,M22,M22_L7,M22_L7toL14,1.005,0.137,0.124,0.014,,,,,,,,
3/10/16,M22,M22_L8,M22_L7toL14,1.005,0.143,0.111,0.013,,,,,,,,
3/10/16,M22,M22_L9,M22_L7toL14,1.005,0.135,0.116,0.011,,,,,,,,
3/10/16,M22,M22_L10,M22_L7toL14,1.005,0.149,0.114,0.015,,,,,,,,
3/10/16,M22,M22_L11,M22_L7toL14,1.005,0.134,0.106,0.012,,,,,,,,
3/10/16,M22,M22_L12,M22_L7toL14,1.005,0.138,0.106,0.013,,,,,,,,
3/10/16,M22,M22_L13,M22_L7toL14,1.005,0.12,0.101,0.011,,,,,,,,
3/10/16,M22,M22_L14,M22_L7toL14,1.005,0.136,0.113,0.013,,,,,,,,
3/10/16,M22,M22_L15,M22_L15toL20,1.009,0.14,0.11,0.013,,,,,,,,
3/10/16,M22,M22_L16,M22_L15toL20,1.009,0.134,0.109,0.011,,,,,,,,
3/10/16,M22,M22_L17,M22_L15toL20,1.009,0.137,0.11,0.012,,,,,,,,
3/10/16,M22,M22_L18,M22_L15toL20,1.009,0.158,0.106,0.014,,,,,,,,
3/10/16,M22,M22_L19,M22_L15toL20,1.009,0.14,0.105,0.012,,,,,,,,
3/10/16,M22,M22_L20,M22_L15toL20,1.009,0.142,0.116,0.014,,,,,,,,
3/10/16,M23,M23_L1,M23_L1toL5,1,0.142,0.105,0.013,,,,,,,,
3/10/16,M23,M23_L2,M23_L1toL5,1,0.13,0.101,0.012,,,,,,,,
3/10/16,M23,M23_L3,M23_L1toL5,1,0.145,0.106,0.013,,,,,,,,
3/10/16,M23,M23_L4,M23_L1toL5,1,0.134,0.104,0.012,,,,,,,,
3/10/16,M23,M23_L5,M23_L1toL5,1,0.15,0.112,0.014,,,,,,,,
3/10/16,M23,M23_L6,M23_L6toL9,0.988,0.138,0.107,0.012,,,,,,,,
3/10/16,M23,M23_L7,M23_L6toL9,0.988,0.121,0.092,0.01,,,,,,,,
3/10/16,M23,M23_L8,M23_L6toL9,0.988,0.141,0.109,0.014,,,,,,,,
3/10/16,M23,M23_L9,M23_L6toL9,0.988,0.136,0.104,0.012,,,,,,,,
3/10/16,M23,M23_L10,M23_L10toL17,0.999,0.139,0.115,0.013,,,,,,,,
3/10/16,M23,M23_L11,M23_L10toL17,0.999,0.115,0.093,0.01,,,,,,,,
3/10/16,M23,M23_L12,M23_L10toL17,0.999,0.137,0.115,0.013,,,,,,,,
3/10/16,M23,M23_L13,M23_L10toL17,0.999,0.123,0.097,0.01,,,,,,,,
3/10/16,M23,M23_L14,M23_L10toL17,0.999,0.121,0.09,0.009,,,,,,,,
3/10/16,M23,M23_L15,M23_L10toL17,0.999,0.139,0.104,0.013,,,,,,,,
3/10/16,M23,M23_L16,M23_L10toL17,0.999,0.148,0.114,0.013,,,,,,,,
3/10/16,M23,M23_L17,M23_L10toL17,0.999,0.14,0.108,0.013,,,,,,,,
3/10/16,M23,M23_L18,M23_L18toL20,0.98,0.134,0.11,0.011,,,,,,,,
3/10/16,M23,M23_L19,M23_L18toL20,0.98,0.125,0.101,0.011,,,,,,,,
3/10/16,M23,M23_L20,M23_L18toL20,0.98,0.13,0.112,0.012,,,,,,,,
3/12/16,M24,M24_L1,M24_L1toL6,1,0.142,0.107,0.013,,,,,,,,
3/12/16,M24,M24_L2,M24_L1toL6,1,0.144,0.111,0.013,,,,,,,,
3/12/16,M24,M24_L3,M24_L1toL6,1,0.137,0.106,0.012,,,,,,,,
3/12/16,M24,M24_L4,M24_L1toL6,1,0.145,0.115,0.014,,,,,,,,
3/12/16,M24,M24_L5,M24_L1toL6,1,0.159,0.123,0.016,,,,,,,,
3/12/16,M24,M24_L6,M24_L1toL6,1,0.143,0.118,0.014,,,,,,,,
3/12/16,M24,M24_L7,M24_L7toL15,0.976,0.134,0.116,0.013,,,,,,,,
3/12/16,M24,M24_L8,M24_L7toL15,0.976,0.15,0.109,0.013,,,,,,,,
3/12/16,M24,M24_L9,M24_L7toL15,0.976,0.148,0.118,0.014,,,,,,,,
3/12/16,M24,M24_L10,M24_L7toL15,0.976,0.15,0.114,0.014,,,,,,,,
3/12/16,M24,M24_L11,M24_L7toL15,0.976,0.144,0.123,0.014,,,,,,,,
3/12/16,M24,M24_L12,M24_L7toL15,0.976,0.139,0.114,0.012,,,,,,,,
3/12/16,M24,M24_L13,M24_L7toL15,0.976,0.119,0.102,0.011,,,,,,,,
3/12/16,M24,M24_L14,M24_L7toL15,0.976,0.136,0.11,0.013,,,,,,,,
3/12/16,M24,M24_L15,M24_L7toL15,0.976,0.139,0.111,0.012,,,,,,,,
3/12/16,M24,M24_L16,M24_l16toL20,0.983,0.139,0.118,0.013,,,,,,,,
3/12/16,M24,M24_L17,M24_l16toL20,0.983,0.143,0.116,0.013,,,,,,,,
3/12/16,M24,M24_L18,M24_l16toL20,0.983,0.15,0.118,0.014,,,,,,,,
3/12/16,M24,M24_L19,M24_l16toL20,0.983,0.146,0.114,0.014,,,,,,,,
3/12/16,M24,M24_L20,M24_l16toL20,0.983,0.157,0.122,0.015,,,,,,,,
3/12/16,M25,M25_L1,M25_L1toL10,1,0.151,0.114,0.014,,,,,,,,
3/12/16,M25,M25_L2,M25_L1toL10,1,0.146,0.123,0.014,,,,,,,,
3/12/16,M25,M25_L3,M25_L1toL10,1,0.126,0.102,0.011,,,,,,,,
3/12/16,M25,M25_L4,M25_L1toL10,1,0.121,0.101,0.01,,,,,,,,
3/12/16,M25,M25_L5,M25_L1toL10,1,0.137,0.109,0.012,,,,,,,,
3/12/16,M25,M25_L6,M25_L1toL10,1,0.139,0.118,0.014,,,,,,,,
3/12/16,M25,M25_L7,M25_L1toL10,1,0.13,0.101,0.012,,,,,,,,
3/12/16,M25,M25_L8,M25_L1toL10,1,0.136,0.116,0.013,,,,,,,,
3/12/16,M25,M25_L9,M25_L1toL10,1,0.137,0.103,0.011,,,,,,,,
3/12/16,M25,M25_L10,M25_L1toL10,1,0.14,0.112,0.013,,,,,,,,
3/12/16,M25,M25_L11,M25_L11toL17,1.004,0.137,0.115,0.013,,,,,,,,
3/12/16,M25,M25_L12,M25_L11toL17,1.004,0.138,0.099,0.011,,,,,,,,
3/12/16,M25,M25_L13,M25_L11toL17,1.004,0.135,0.106,0.012,,,,,,,,
3/12/16,M25,M25_L14,M25_L11toL17,1.004,0.138,0.107,0.013,,,,,,,,
3/12/16,M25,M25_L15,M25_L11toL17,1.004,0.139,0.103,0.012,,,,,,,,
3/12/16,M25,M25_L16,M25_L11toL17,1.004,0.128,0.102,0.011,,,,,,,,
3/12/16,M25,M25_L17,M25_L11toL17,1.004,0.152,0.113,0.014,,,,,,,,
3/12/16,M25,M25_L18,M25_L18toL20,0.989,0.132,0.1,0.011,,,,,,,,
3/12/16,M25,M25_L19,M25_L18toL20,0.989,0.139,0.11,0.013,,,,,,,,
3/12/16,M25,M25_L20,M25_L18toL20,0.989,0.14,0.104,0.012,,,,,,,,
3/12/16,M26,M26_L1,M26_L1toL11,0.978,0.143,0.115,0.013,,,,,,,,
3/12/16,M26,M26_L2,M26_L1toL11,0.978,0.143,0.115,0.013,,,,,,,,
3/12/16,M26,M26_L3,M26_L1toL11,0.978,0.132,0.094,0.01,,,,,,,,
3/12/16,M26,M26_L4,M26_L1toL11,0.978,0.145,0.114,0.014,,,,,,,,
3/12/16,M26,M26_L5,M26_L1toL11,0.978,0.141,0.107,0.013,,,,,,,,
3/12/16,M26,M26_L6,M26_L1toL11,0.978,0.152,0.119,0.014,,,,,,,,
3/12/16,M26,M26_L7,M26_L1toL11,0.978,0.143,0.111,0.014,,,,,,,,
3/12/16,M26,M26_L8,M26_L1toL11,0.978,0.137,0.103,0.01,,,,,,,,
3/12/16,M26,M26_L9,M26_L1toL11,0.978,0.139,0.112,0.013,,,,,,,,
3/12/16,M26,M26_L10,M26_L1toL11,0.978,0.142,0.108,0.013,,,,,,,,
3/12/16,M26,M26_L11,M26_L1toL11,0.978,0.145,0.112,0.013,,,,,,,,
3/12/16,M26,M26_L12,M26_L12toL18,0.991,0.143,0.121,0.014,,,,,,,,
3/12/16,M26,M26_L13,M26_L12toL18,0.991,0.142,0.124,0.014,,,,,,,,
3/12/16,M26,M26_L14,M26_L12toL18,0.991,0.132,0.104,0.012,,,,,,,,
3/12/16,M26,M26_L15,M26_L12toL18,0.991,0.134,0.109,0.012,,,,,,,,
3/12/16,M26,M26_L16,M26_L12toL18,0.991,0.145,0.112,0.014,,,,,,,,
3/12/16,M26,M26_L17,M26_L12toL18,0.991,0.131,0.104,0.011,,,,,,,,
3/12/16,M26,M26_L18,M26_L12toL18,0.991,0.145,0.113,0.014,,,,,,,,
3/12/16,M26,M26_L19,M26_L19toL20,0.994,0.148,0.115,0.014,,,,,,,,
3/12/16,M26,M26_L20,M26_L19toL20,0.994,0.132,0.11,0.012,,,,,,,,
3/12/16,M27,M27_L1,M27_L1toL5,0.981,0.128,0.104,0.011,,,,,,,,
3/12/16,M27,M27_L2,M27_L1toL5,0.981,0.138,0.114,0.013,,,,,,,,
3/12/16,M27,M27_L3,M27_L1toL5,0.981,0.143,0.116,0.013,,,,,,,,
3/12/16,M27,M27_L4,M27_L1toL5,0.981,0.145,0.112,0.014,,,,,,,,
3/12/16,M27,M27_L5,M27_L1toL5,0.981,0.14,0.108,0.013,,,,,,,,
3/12/16,M27,M27_L6,M27_L6toL15,0.997,0.15,0.113,0.014,,,,,,,,
3/12/16,M27,M27_L7,M27_L6toL15,0.997,0.145,0.118,0.014,,,,,,,,
3/12/16,M27,M27_L8,M27_L6toL15,0.997,0.145,0.111,0.013,,,,,,,,
3/12/16,M27,M27_L9,M27_L6toL15,0.997,0.137,0.102,0.011,,,,,,,,
3/12/16,M27,M27_L10,M27_L6toL15,0.997,0.13,0.103,0.011,,,,,,,,
3/12/16,M27,M27_L11,M27_L6toL15,0.997,0.132,0.104,0.011,,,,,,,,
3/12/16,M27,M27_L12,M27_L6toL15,0.997,0.131,0.102,0.011,,,,,,,,
3/12/16,M27,M27_L13,M27_L6toL15,0.997,0.138,0.108,0.013,,,,,,,,
3/12/16,M27,M27_L14,M27_L6toL15,0.997,0.144,0.108,0.013,,,,,,,,
3/12/16,M27,M27_L15,M27_L6toL15,0.997,0.149,0.117,0.013,,,,,,,,
3/12/16,M27,M27_L16,M27_L16toL20,0.969,0.116,0.095,0.009,,,,,,,,
3/12/16,M27,M27_L17,M27_L16toL20,0.969,0.151,0.12,0.015,,,,,,,,
3/12/16,M27,M27_L18,M27_L16toL20,0.969,0.136,0.109,0.012,,,,,,,,
3/12/16,M27,M27_L19,M27_L16toL20,0.969,0.143,0.109,0.013,,,,,,,,
3/12/16,M27,M27_L20,M27_L16toL20,0.969,0.147,0.116,0.014,,,,,,,,
3/12/16,M28,M28_L1,M28_L1toL5,0.972,0.134,0.109,0.012,,,,,,,,
3/12/16,M28,M28_L2,M28_L1toL5,0.972,0.139,0.11,0.012,,,,,,,,
3/12/16,M28,M28_L3,M28_L1toL5,0.972,0.146,0.121,0.015,,,,,,,,
3/12/16,M28,M28_L4,M28_L1toL5,0.972,0.132,0.127,0.014,,,,,,,,
3/12/16,M28,M28_L5,M28_L1toL5,0.972,0.128,0.098,0.011,,,,,,,,
3/12/16,M28,M28_L6,M28_L6toL13,0.99,0.14,0.109,0.014,,,,,,,,
3/12/16,M28,M28_L7,M28_L6toL13,0.99,0.145,0.115,0.014,,,,,,,,
3/12/16,M28,M28_L8,M28_L6toL13,0.99,0.14,0.112,0.012,,,,,,,,
3/12/16,M28,M28_L9,M28_L6toL13,0.99,0.149,0.134,0.016,,,,,,,,
3/12/16,M28,M28_L10,M28_L6toL13,0.99,0.134,0.103,0.012,,,,,,,,
3/12/16,M28,M28_L11,M28_L6toL13,0.99,0.132,0.11,0.012,,,,,,,,
3/12/16,M28,M28_L12,M28_L6toL13,0.99,0.148,0.112,0.013,,,,,,,,
3/12/16,M28,M28_L13,M28_L6toL13,0.99,0.142,0.116,0.014,,,,,,,,
3/12/16,M28,M28_L14,M28_L14toL20,0.998,0.145,0.116,0.013,,,,,,,,
3/12/16,M28,M28_L15,M28_L14toL20,0.998,0.14,0.119,0.013,,,,,,,,
3/12/16,M28,M28_L16,M28_L14toL20,0.998,0.131,0.102,0.011,,,,,,,,
3/12/16,M28,M28_L17,M28_L14toL20,0.998,0.131,0.106,0.011,,,,,,,,
3/12/16,M28,M28_L18,M28_L14toL20,0.998,0.143,0.111,0.014,,,,,,,,
3/12/16,M28,M28_L19,M28_L14toL20,0.998,0.138,0.108,0.012,,,,,,,,
3/12/16,M28,M28_L20,M28_L14toL20,0.998,0.146,0.108,0.013,,,,,,,,
3/12/16,M29,M29_L1,M29_L1toL4,0.966,0.137,0.108,0.012,,,,,,,,
3/12/16,M29,M29_L2,M29_L1toL4,0.966,0.141,0.116,0.014,,,,,,,,
3/12/16,M29,M29_L3,M29_L1toL4,0.966,0.143,0.112,0.014,,,,,,,,
3/12/16,M29,M29_L4,M29_L1toL4,0.966,0.146,0.115,0.014,,,,,,,,
3/12/16,M29,M29_L5,M29_L5toL9,1.012,0.144,0.117,0.013,,,,,,,,
3/12/16,M29,M29_L6,M29_L5toL9,1.012,0.121,0.097,0.01,,,,,,,,
3/12/16,M29,M29_L7,M29_L5toL9,1.012,0.133,0.107,0.011,,,,,,,,
3/12/16,M29,M29_L8,M29_L5toL9,1.012,0.132,0.099,0.011,,,,,,,,
3/12/16,M29,M29_L9,M29_L5toL9,1.012,0.133,0.096,0.011,,,,,,,,
3/12/16,M29,M29_L10,M29_L10toL14,0.98,0.135,0.118,0.013,,,,,,,,
3/12/16,M29,M29_L11,M29_L10toL14,0.98,0.138,0.107,0.012,,,,,,,,
3/12/16,M29,M29_L12,M29_L10toL14,0.98,0.135,0.106,0.012,,,,,,,,
3/12/16,M29,M29_L13,M29_L10toL14,0.98,0.13,0.102,0.011,,,,,,,,
3/12/16,M29,M29_L14,M29_L10toL14,0.98,0.148,0.117,0.014,,,,,,,,
3/12/16,M29,M29_L15,M29_L15toL18,1.004,0.138,0.107,0.013,,,,,,,,
3/12/16,M29,M29_L16,M29_L15toL18,1.004,0.144,0.107,0.013,,,,,,,,
3/12/16,M29,M29_L17,M29_L15toL18,1.004,0.131,0.109,0.013,,,,,,,,
3/12/16,M29,M29_L18,M29_L15toL18,1.004,0.149,0.119,0.014,,,,,,,,
3/12/16,M29,M29_L19,M29_L19toL20,0.962,0.154,0.116,0.014,,,,,,,,
3/12/16,M29,M29_L20,M29_L19toL20,0.962,0.141,0.112,0.013,,,,,,,,
3/12/16,M30,M30_L1,M30_L1toL13,1.02,0.137,0.113,0.012,,,,,,,,
3/12/16,M30,M30_L2,M30_L1toL13,1.02,0.137,0.112,0.013,,,,,,,,
3/12/16,M30,M30_L3,M30_L1toL13,1.02,0.134,0.111,0.013,,,,,,,,
3/12/16,M30,M30_L4,M30_L1toL13,1.02,0.14,0.114,0.013,,,,,,,,
3/12/16,M30,M30_L5,M30_L1toL13,1.02,0.138,0.109,0.012,,,,,,,,
3/12/16,M30,M30_L6,M30_L1toL13,1.02,0.133,0.101,0.011,,,,,,,,
3/12/16,M30,M30_L7,M30_L1toL13,1.02,0.133,0.106,0.012,,,,,,,,
3/12/16,M30,M30_L8,M30_L1toL13,1.02,0.138,0.113,0.013,,,,,,,,
3/12/16,M30,M30_L9,M30_L1toL13,1.02,0.138,0.115,0.013,,,,,,,,
3/12/16,M30,M30_L10,M30_L1toL13,1.02,0.138,0.109,0.012,,,,,,,,
3/12/16,M30,M30_L11,M30_L1toL13,1.02,0.136,0.111,0.013,,,,,,,,
3/12/16,M30,M30_L12,M30_L1toL13,1.02,0.151,0.118,0.015,,,,,,,,
3/12/16,M30,M30_L13,M30_L1toL13,1.02,0.125,0.104,0.011,,,,,,,,
3/12/16,M30,M30_L14,M30_L14toL20,0.988,0.149,0.113,0.013,,,,,,,,
3/12/16,M30,M30_L15,M30_L14toL20,0.988,0.141,0.118,0.015,,,,,,,,
3/12/16,M30,M30_L16,M30_L14toL20,0.988,0.151,0.112,0.015,,,,,,,,
3/12/16,M30,M30_L17,M30_L14toL20,0.988,0.137,0.116,0.013,,,,,,,,
3/12/16,M30,M30_L18,M30_L14toL20,0.988,0.132,0.105,0.012,,,,,,,,
3/12/16,M30,M30_L19,M30_L14toL20,0.988,0.143,0.116,0.014,,,,,,,,
3/12/16,M30,M30_L20,M30_L14toL20,0.988,0.142,0.112,0.013,,,,,,,,
3/12/16,M31,M31_L1,M31_L1toL5,1,0.144,0.114,0.014,,,,,,,,
3/12/16,M31,M31_L2,M31_L1toL5,1,0.146,0.112,0.013,,,,,,,,
3/12/16,M31,M31_L3,M31_L1toL5,1,0.135,0.1,0.011,,,,,,,,
3/12/16,M31,M31_L4,M31_L1toL5,1,0.151,0.112,0.014,,,,,,,,
3/12/16,M31,M31_L5,M31_L1toL5,1,0.153,0.119,0.015,,,,,,,,
3/12/16,M31,M31_L6,M31_L6to_L11,0.996,0.133,0.106,0.011,,,,,,,,
3/12/16,M31,M31_L7,M31_L6to_L11,0.996,0.12,0.102,0.01,,,,,,,,
3/12/16,M31,M31_L8,M31_L6to_L11,0.996,0.134,0.107,0.012,,,,,,,,
3/12/16,M31,M31_L9,M31_L6to_L11,0.996,0.128,0.102,0.011,,,,,,,,
3/12/16,M31,M31_L10,M31_L6to_L11,0.996,0.136,0.115,0.013,,,,,,,,
3/12/16,M31,M31_L11,M31_L6to_L11,0.996,0.136,0.109,0.012,,,,,,,,
3/12/16,M31,M31_L12,M31_L12toL16,0.986,0.151,0.116,0.015,,,,,,,,
3/12/16,M31,M31_L13,M31_L12toL16,0.986,0.143,0.111,0.014,,,,,,,,
3/12/16,M31,M31_L14,M31_L12toL16,0.986,0.136,0.105,0.012,,,,,,,,
3/12/16,M31,M31_L15,M31_L12toL16,0.986,0.147,0.109,0.013,,,,,,,,
3/12/16,M31,M31_L16,M31_L12toL16,0.986,0.142,0.108,0.013,,,,,,,,
3/12/16,M31,M31_L17,M31_L1toL20,0.979,0.135,0.102,0.012,,,,,,,,
3/12/16,M31,M31_L18,M31_L1toL20,0.979,0.142,0.116,0.014,,,,,,,,
3/12/16,M31,M31_L19,M31_L1toL20,0.979,0.131,0.099,0.011,,,,,,,,
3/12/16,M31,M31_L20,M31_L1toL20,0.979,0.145,0.115,0.014,,,,,,,,
3/12/16,M32,M32_L1,M32_L1toL6,1.004,0.143,0.11,0.014,,,,,,,,
3/12/16,M32,M32_L2,M32_L1toL6,1.004,0.139,0.113,0.013,,,,,,,,
3/12/16,M32,M32_L3,M32_L1toL6,1.004,0.15,0.112,0.014,,,,,,,,
3/12/16,M32,M32_L4,M32_L1toL6,1.004,0.129,0.096,0.01,,,,,,,,
3/12/16,M32,M32_L5,M32_L1toL6,1.004,0.136,0.111,0.013,,,,,,,,
3/12/16,M32,M32_L6,M32_L1toL6,1.004,0.146,0.113,0.014,,,,,,,,
3/12/16,M32,M32_L7,M32_L7toL11,0.989,0.143,0.11,0.014,,,,,,,,
3/12/16,M32,M32_L8,M32_L7toL11,0.989,0.128,0.097,0.011,,,,,,,,
3/12/16,M32,M32_L9,M32_L7toL11,0.989,0.138,0.11,0.012,,,,,,,,
3/12/16,M32,M32_L10,M32_L7toL11,0.989,0.133,0.105,0.012,,,,,,,,
3/12/16,M32,M32_L11,M32_L7toL11,0.989,0.139,0.109,0.013,,,,,,,,
3/12/16,M32,M32_L12,M32_L12toL17,0.986,0.147,0.11,0.012,,,,,,,,
3/12/16,M32,M32_L13,M32_L12toL17,0.986,0.149,0.112,0.014,,,,,,,,
3/12/16,M32,M32_L14,M32_L12toL17,0.986,0.133,0.106,0.012,,,,,,,,
3/12/16,M32,M32_L15,M32_L12toL17,0.986,0.146,0.109,0.014,,,,,,,,
3/12/16,M32,M32_L16,M32_L12toL17,0.986,0.134,0.111,0.013,,,,,,,,
3/12/16,M32,M32_L17,M32_L12toL17,0.986,0.131,0.102,0.012,,,,,,,,
3/12/16,M32,M32_L18,M32_L18toL20,1.007,0.138,0.111,0.012,,,,,,,,
3/12/16,M32,M32_L19,M32_L18toL20,1.007,0.119,0.097,0.01,,,,,,,,
3/12/16,M32,M32_L20,M32_L18toL20,1.007,0.14,0.12,0.014,,,,,,,,
3/12/16,M33,M33_L1,M33_L1toL5,0.993,0.129,0.104,0.011,,,,,,,,
3/12/16,M33,M33_L2,M33_L1toL5,0.993,0.144,0.109,0.013,,,,,,,,
3/12/16,M33,M33_L3,M33_L1toL5,0.993,0.135,0.106,0.012,,,,,,,,
3/12/16,M33,M33_L4,M33_L1toL5,0.993,0.131,0.104,0.011,,,,,,,,
3/12/16,M33,M33_L5,M33_L1toL5,0.993,0.144,0.105,0.012,,,,,,,,
3/12/16,M33,M33_L6,M33_L6toL12,1.014,0.136,0.096,0.011,,,,,,,,
3/12/16,M33,M33_L7,M33_L6toL12,1.014,0.13,0.103,0.012,,,,,,,,
3/12/16,M33,M33_L8,M33_L6toL12,1.014,0.142,0.105,0.011,,,,,,,,
3/12/16,M33,M33_L9,M33_L6toL12,1.014,0.139,0.113,0.014,,,,,,,,
3/12/16,M33,M33_L10,M33_L6toL12,1.014,0.144,0.114,0.014,,,,,,,,
3/12/16,M33,M33_L11,M33_L6toL12,1.014,0.148,0.111,0.014,,,,,,,,
3/12/16,M33,M33_L12,M33_L6toL12,1.014,0.148,0.11,0.013,,,,,,,,
3/12/16,M33,M33_L13,M33_L13toL15,0.996,0.136,0.106,0.011,,,,,,,,
3/12/16,M33,M33_L14,M33_L13toL15,0.996,0.138,0.108,0.013,,,,,,,,
3/12/16,M33,M33_L15,M33_L13toL15,0.996,0.145,0.115,0.014,,,,,,,,
3/12/16,M33,M33_L16,M33_L16toL20,1.003,0.139,0.116,0.013,,,,,,,,
3/12/16,M33,M33_L17,M33_L16toL20,1.003,0.135,0.109,0.012,,,,,,,,
3/12/16,M33,M33_L18,M33_L16toL20,1.003,0.137,0.111,0.013,,,,,,,,
3/12/16,M33,M33_L19,M33_L16toL20,1.003,0.142,0.102,0.012,,,,,,,,
3/12/16,M33,M33_L20,M33_L16toL20,1.003,0.155,0.123,0.017,,,,,,,,
3/12/16,M34,M34_L1,M34_L1oL9,0.967,0.123,0.099,0.01,,,,,,,,
3/12/16,M34,M34_L2,M34_L1oL9,0.967,0.133,0.11,0.012,,,,,,,,
3/12/16,M34,M34_L3,M34_L1oL9,0.967,0.124,0.109,0.011,,,,,,,,
3/12/16,M34,M34_L4,M34_L1oL9,0.967,0.146,0.117,0.014,,,,,,,,
3/12/16,M34,M34_L5,M34_L1oL9,0.967,0.145,0.117,0.014,,,,,,,,
3/12/16,M34,M34_L6,M34_L1oL9,0.967,0.144,0.114,0.014,,,,,,,,
3/12/16,M34,M34_L7,M34_L1oL9,0.967,0.126,0.109,0.011,,,,,,,,
3/12/16,M34,M34_L8,M34_L1oL9,0.967,0.14,0.11,0.013,,,,,,,,
3/12/16,M34,M34_L9,M34_L1oL9,0.967,0.145,0.109,0.014,,,,,,,,
3/12/16,M34,M34_L10,M34_L10toL15,0.975,0.134,0.107,0.012,,,,,,,,
3/12/16,M34,M34_L11,M34_L10toL15,0.975,0.119,0.095,0.01,,,,,,,,
3/12/16,M34,M34_L12,M34_L10toL15,0.975,0.13,0.102,0.011,,,,,,,,
3/12/16,M34,M34_L13,M34_L10toL15,0.975,0.143,0.115,0.013,,,,,,,,
3/12/16,M34,M34_L14,M34_L10toL15,0.975,0.136,0.11,0.013,,,,,,,,
3/12/16,M34,M34_L15,M34_L10toL15,0.975,0.148,0.115,0.014,,,,,,,,
3/12/16,M34,M34_L16,M34_L16toL20,1.01,0.134,0.115,0.014,,,,,,,,
3/12/16,M34,M34_L17,M34_L16toL20,1.01,0.135,0.107,0.012,,,,,,,,
3/12/16,M34,M34_L18,M34_L16toL20,1.01,0.134,0.105,0.012,,,,,,,,
3/12/16,M34,M34_L19,M34_L16toL20,1.01,0.135,0.112,0.013,,,,,,,,
3/12/16,M34,M34_L20,M34_L16toL20,1.01,0.14,0.105,0.012,,,,,,,,
3/12/16,M35,M35_L1,M35_L1toL5,0.972,0.142,0.109,0.013,,,,,,,,
3/12/16,M35,M35_L2,M35_L1toL5,0.972,0.136,0.111,0.012,,,,,,,,
3/12/16,M35,M35_L3,M35_L1toL5,0.972,0.133,0.097,0.01,,,,,,,,
3/12/16,M35,M35_L4,M35_L1toL5,0.972,0.135,0.105,0.011,,,,,,,,
3/12/16,M35,M35_L5,M35_L1toL5,0.972,0.14,0.112,0.013,,,,,,,,
3/12/16,M35,M35_L6,M35_L6toL9,0.997,0.146,0.107,0.014,,,,,,,,
3/12/16,M35,M35_L7,M35_L6toL9,0.997,0.114,0.095,0.009,,,,,,,,
3/12/16,M35,M35_L8,M35_L6toL9,0.997,0.139,0.105,0.012,,,,,,,,
3/12/16,M35,M35_L9,M35_L6toL9,0.997,0.14,0.109,0.013,,,,,,,,
3/12/16,M35,M35_L10,M35_L10toL13,0.991,0.135,0.112,0.013,,,,,,,,
3/12/16,M35,M35_L11,M35_L10toL13,0.991,0.13,0.106,0.011,,,,,,,,
3/12/16,M35,M35_L12,M35_L10toL13,0.991,0.149,0.122,0.015,,,,,,,,
3/12/16,M35,M35_L13,M35_L10toL13,0.991,0.129,0.102,0.011,,,,,,,,
3/12/16,M35,M35_L14,M35_L14toL19,0.979,0.138,0.108,0.013,,,,,,,,
3/12/16,M35,M35_L15,M35_L14toL19,0.979,0.127,0.107,0.011,,,,,,,,
3/12/16,M35,M35_L16,M35_L14toL19,0.979,0.128,0.115,0.013,,,,,,,,
3/12/16,M35,M35_L17,M35_L14toL19,0.979,0.14,0.119,0.014,,,,,,,,
3/12/16,M35,M35_L18,M35_L14toL19,0.979,0.152,0.11,0.013,,,,,,,,
3/12/16,M35,M35_L19,M35_L14toL19,0.979,0.142,0.105,0.012,,,,,,,,
3/12/16,M35,M35_L20,M35_L20,0.989,0.14,0.112,0.013,,,,,,,,
3/12/16,M36,M36_L1,M36_L1toL8,1,0.138,0.115,0.013,,,,,,,,
3/12/16,M36,M36_L2,M36_L1toL8,1,0.132,0.108,0.012,,,,,,,,
3/12/16,M36,M36_L3,M36_L1toL8,1,0.147,0.113,0.014,,,,,,,,
3/12/16,M36,M36_L4,M36_L1toL8,1,0.144,0.113,0.014,,,,,,,,
3/12/16,M36,M36_L5,M36_L1toL8,1,0.143,0.117,0.014,,,,,,,,
3/12/16,M36,M36_L6,M36_L1toL8,1,0.147,0.107,0.013,,,,,,,,
3/12/16,M36,M36_L7,M36_L1toL8,1,0.154,0.115,0.014,,,,,,,,
3/12/16,M36,M36_L8,M36_L1toL8,1,0.153,0.124,0.016,,,,,,,,
3/12/16,M36,M36_L9,M36_L9toL18,0.989,0.152,0.114,0.014,,,,,,,,
3/12/16,M36,M36_L10,M36_L9toL18,0.989,0.142,0.113,0.013,,,,,,,,
3/12/16,M36,M36_L11,M36_L9toL18,0.989,0.137,0.113,0.013,,,,,,,,
3/12/16,M36,M36_L12,M36_L9toL18,0.989,0.132,0.101,0.012,,,,,,,,
3/12/16,M36,M36_L13,M36_L9toL18,0.989,0.138,0.117,0.013,,,,,,,,
3/12/16,M36,M36_L14,M36_L9toL18,0.989,0.132,0.109,0.012,,,,,,,,
3/12/16,M36,M36_L15,M36_L9toL18,0.989,0.128,0.109,0.012,,,,,,,,
3/12/16,M36,M36_L16,M36_L9toL18,0.989,0.142,0.117,0.013,,,,,,,,
3/12/16,M36,M36_L17,M36_L9toL18,0.989,0.13,0.107,0.011,,,,,,,,
3/12/16,M36,M36_L18,M36_L9toL18,0.989,0.143,0.112,0.014,,,,,,,,
3/12/16,M36,M36_L19,M36_L19toL20,1.007,0.143,0.12,0.014,,,,,,,,
3/12/16,M36,M36_L20,M36_L19toL20,1.007,0.142,0.118,0.014,,,,,,,,
3/12/16,M37,M37_L1,M37_L1toL7,0.996,0.146,0.116,0.013,,,,,,,,
3/12/16,M37,M37_L2,M37_L1toL7,0.996,0.137,0.113,0.013,,,,,,,,
3/12/16,M37,M37_L3,M37_L1toL7,0.996,0.138,0.114,0.011,,,,,,,,
3/12/16,M37,M37_L4,M37_L1toL7,0.996,0.155,0.115,0.015,,,,,,,,
3/12/16,M37,M37_L5,M37_L1toL7,0.996,0.134,0.106,0.012,,,,,,,,
3/12/16,M37,M37_L6,M37_L1toL7,0.996,0.137,0.107,0.013,,,,,,,,
3/12/16,M37,M37_L7,M37_L1toL7,0.996,0.157,0.123,0.016,,,,,,,,
3/12/16,M37,M37_L8,M37_L8toL15,0.98,0.14,0.114,0.013,,,,,,,,
3/12/16,M37,M37_L9,M37_L8toL15,0.98,0.14,0.117,0.013,,,,,,,,
3/12/16,M37,M37_L10,M37_L8toL15,0.98,0.143,0.113,0.014,,,,,,,,
3/12/16,M37,M37_L11,M37_L8toL15,0.98,0.143,0.118,0.015,,,,,,,,
3/12/16,M37,M37_L12,M37_L8toL15,0.98,0.141,0.117,0.013,,,,,,,,
3/12/16,M37,M37_L13,M37_L8toL15,0.98,0.145,0.116,0.014,,,,,,,,
3/12/16,M37,M37_L14,M37_L8toL15,0.98,0.138,0.108,0.013,,,,,,,,
3/12/16,M37,M37_L15,M37_L8toL15,0.98,0.144,0.11,0.013,,,,,,,,
3/12/16,M37,M37_L16,M37_L16toL20,0.996,0.145,0.107,0.013,,,,,,,,
3/12/16,M37,M37_L17,M37_L16toL20,0.996,0.142,0.111,0.014,,,,,,,,
3/12/16,M37,M37_L18,M37_L16toL20,0.996,0.137,0.109,0.012,,,,,,,,
3/12/16,M37,M37_L19,M37_L16toL20,0.996,0.134,0.102,0.012,,,,,,,,
3/12/16,M37,M37_L20,M37_L16toL20,0.996,0.133,0.107,0.012,,,,,,,,
3/12/16,M38,M38_L1,M38_L1toL5,1.011,0.137,0.11,0.013,,,,,,,,
3/12/16,M38,M38_L2,M38_L1toL5,1.011,0.147,0.12,0.013,,,,,,,,
3/12/16,M38,M38_L3,M38_L1toL5,1.011,0.139,0.101,0.012,,,,,,,,
3/12/16,M38,M38_L4,M38_L1toL5,1.011,0.137,0.106,0.012,,,,,,,,
3/12/16,M38,M38_L5,M38_L1toL5,1.011,0.135,0.115,0.013,,,,,,,,
3/12/16,M38,M38_L6,M38_L6toL9,0.972,0.138,0.104,0.012,,,,,,,,
3/12/16,M38,M38_L7,M38_L6toL9,0.972,0.143,0.121,0.014,,,,,,,,
3/12/16,M38,M38_L8,M38_L6toL9,0.972,0.137,0.11,0.012,,,,,,,,
3/12/16,M38,M38_L9,M38_L6toL9,0.972,0.148,0.114,0.015,,,,,,,,
3/12/16,M38,M38_L10,M38_L10toL14,1.011,0.148,0.113,0.014,,,,,,,,
3/12/16,M38,M38_L11,M38_L10toL14,1.011,0.144,0.103,0.012,,,,,,,,
3/12/16,M38,M38_L12,M38_L10toL14,1.011,0.142,0.112,0.013,,,,,,,,
3/12/16,M38,M38_L13,M38_L10toL14,1.011,0.153,0.115,0.014,,,,,,,,
3/12/16,M38,M38_L14,M38_L10toL14,1.011,0.145,0.109,0.013,,,,,,,,
3/12/16,M38,M38_L15,M38_L15toL19,1.01,0.152,0.112,0.014,,,,,,,,
3/12/16,M38,M38_L16,M38_L15toL19,1.01,0.143,0.106,0.012,,,,,,,,
3/12/16,M38,M38_L17,M38_L15toL19,1.01,0.141,0.111,0.013,,,,,,,,
3/12/16,M38,M38_L18,M38_L15toL19,1.01,0.157,0.119,0.015,,,,,,,,
3/12/16,M38,M38_L19,M38_L15toL19,1.01,0.142,0.113,0.013,,,,,,,,
3/12/16,M38,M38_L20,M38_L20,1,0.137,0.113,0.013,,,,,,,,
3/12/16,M39,M39_L1,M39_L1toL11,1.009,0.14,0.109,0.014,,,,,,,,
3/12/16,M39,M39_L2,M39_L1toL11,1.009,0.164,0.126,0.018,,,,,,,,
3/12/16,M39,M39_L3,M39_L1toL11,1.009,0.136,0.104,0.012,,,,,,,,
3/12/16,M39,M39_L4,M39_L1toL11,1.009,0.138,0.11,0.014,,,,,,,,
3/12/16,M39,M39_L5,M39_L1toL11,1.009,0.143,0.115,0.015,,,,,,,,
3/12/16,M39,M39_L6,M39_L1toL11,1.009,0.134,0.105,0.011,,,,,,,,
3/12/16,M39,M39_L7,M39_L1toL11,1.009,0.137,0.111,0.013,,,,,,,,
3/12/16,M39,M39_L8,M39_L1toL11,1.009,0.152,0.115,0.014,,,,,,,,
3/12/16,M39,M39_L9,M39_L1toL11,1.009,0.152,0.117,0.015,,,,,,,,
3/12/16,M39,M39_L10,M39_L1toL11,1.009,0.148,0.118,0.014,,,,,,,,
3/12/16,M39,M39_L11,M39_L1toL11,1.009,0.147,0.118,0.015,,,,,,,,
3/12/16,M39,M39_L12,M39_L12toL19,1.005,0.134,0.105,0.012,,,,,,,,
3/12/16,M39,M39_L13,M39_L12toL19,1.005,0.15,0.115,0.014,,,,,,,,
3/12/16,M39,M39_L14,M39_L12toL19,1.005,0.137,0.108,0.012,,,,,,,,
3/12/16,M39,M39_L15,M39_L12toL19,1.005,0.134,0.111,0.013,,,,,,,,
3/12/16,M39,M39_L16,M39_L12toL19,1.005,0.142,0.111,0.012,,,,,,,,
3/12/16,M39,M39_L17,M39_L12toL19,1.005,0.141,0.112,0.013,,,,,,,,
3/12/16,M39,M39_L18,M39_L12toL19,1.005,0.152,0.116,0.015,,,,,,,,
3/12/16,M39,M39_L19,M39_L12toL19,1.005,0.146,0.116,0.014,,,,,,,,
3/12/16,M39,M39_L20,M39_L20,1.026,0.139,0.109,0.013,,,,,,,,
3/12/16,M40,M40_L1,M40_L1toL5,1.017,0.143,0.11,0.012,,,,,,,,
3/12/16,M40,M40_L2,M40_L1toL5,1.017,0.144,0.116,0.015,,,,,,,,
3/12/16,M40,M40_L3,M40_L1toL5,1.017,0.148,0.118,0.014,,,,,,,,
3/12/16,M40,M40_L4,M40_L1toL5,1.017,0.14,0.111,0.013,,,,,,,,
3/12/16,M40,M40_L5,M40_L1toL5,1.017,0.155,0.122,0.015,,,,,,,,
3/12/16,M40,M40_L6,M40_L6toL12,1,0.136,0.11,0.013,,,,,,,,
3/12/16,M40,M40_L7,M40_L6toL12,1,0.147,0.119,0.014,,,,,,,,
3/12/16,M40,M40_L8,M40_L6toL12,1,0.137,0.109,0.012,,,,,,,,
3/12/16,M40,M40_L9,M40_L6toL12,1,0.152,0.123,0.015,,,,,,,,
3/12/16,M40,M40_L10,M40_L6toL12,1,0.14,0.111,0.013,,,,,,,,
3/12/16,M40,M40_L11,M40_L6toL12,1,0.139,0.113,0.012,,,,,,,,
3/12/16,M40,M40_L12,M40_L6toL12,1,0.144,0.112,0.014,,,,,,,,
3/12/16,M40,M40_L13,M40_L13toL15,1.002,0.14,0.111,0.013,,,,,,,,
3/12/16,M40,M40_L14,M40_L13toL15,1.002,0.136,0.107,0.013,,,,,,,,
3/12/16,M40,M40_L15,M40_L13toL15,1.002,0.143,0.118,0.015,,,,,,,,
3/12/16,M40,M40_L16,M40_L16toL20,1.027,0.14,0.103,0.012,,,,,,,,
3/12/16,M40,M40_L17,M40_L16toL20,1.027,0.139,0.109,0.013,,,,,,,,
3/12/16,M40,M40_L18,M40_L16toL20,1.027,0.146,0.119,0.015,,,,,,,,
3/12/16,M40,M40_L19,M40_L16toL20,1.027,0.144,0.116,0.014,,,,,,,,
3/12/16,M40,M40_L20,M40_L16toL20,1.027,0.143,0.118,0.013,,,,,,,,
3/12/16,M41,M41_L1,M41_L1toL6,1.023,0.145,0.115,0.014,,,,,,,,
3/12/16,M41,M41_L2,M41_L1toL6,1.023,0.136,0.109,0.012,,,,,,,,
3/12/16,M41,M41_L3,M41_L1toL6,1.023,0.133,0.108,0.012,,,,,,,,
3/12/16,M41,M41_L4,M41_L1toL6,1.023,0.13,0.096,0.011,,,,,,,,
3/12/16,M41,M41_L5,M41_L1toL6,1.023,0.139,0.112,0.013,,,,,,,,
3/12/16,M41,M41_L6,M41_L1toL6,1.023,0.151,0.113,0.014,,,,,,,,
3/12/16,M41,M41_L7,M41_L7toL10,1.016,0.148,0.115,0.015,,,,,,,,
3/12/16,M41,M41_L8,M41_L7toL10,1.016,0.118,0.103,0.01,,,,,,,,
3/12/16,M41,M41_L9,M41_L7toL10,1.016,0.137,0.117,0.012,,,,,,,,
3/12/16,M41,M41_L10,M41_L7toL10,1.016,0.151,0.115,0.013,,,,,,,,
3/12/16,M41,M41_L11,M41_l11toL20,1.041,0.132,0.104,0.011,,,,,,,,
3/12/16,M41,M41_L12,M41_l11toL20,1.041,0.136,0.103,0.012,,,,,,,,
3/12/16,M41,M41_L13,M41_l11toL20,1.041,0.151,0.121,0.015,,,,,,,,
3/12/16,M41,M41_L14,M41_l11toL20,1.041,0.145,0.114,0.014,,,,,,,,
3/12/16,M41,M41_L15,M41_l11toL20,1.041,0.134,0.109,0.012,,,,,,,,
3/12/16,M41,M41_L16,M41_l11toL20,1.041,0.144,0.118,0.014,,,,,,,,
3/12/16,M41,M41_L17,M41_l11toL20,1.041,0.148,0.123,0.014,,,,,,,,
3/12/16,M41,M41_L18,M41_l11toL20,1.041,0.14,0.11,0.012,,,,,,,,
3/12/16,M41,M41_L19,M41_l11toL20,1.041,0.148,0.117,0.014,,,,,,,,
3/12/16,M41,M41_L20,M41_l11toL20,1.041,0.126,0.101,0.012,,,,,,,,
3/14/16,M42,M42_L1,M42_L1toL3,1.014,0.153,0.122,0.015,,,,,,,,
3/14/16,M42,M42_L2,M42_L1toL3,1.014,0.151,0.125,0.015,,,,,,,,
3/14/16,M42,M42_L3,M42_L1toL3,1.014,0.142,0.107,0.013,,,,,,,,
3/14/16,M42,M42_L4,M42_L4toL6,1.022,0.164,0.131,0.018,,,,,,,,
3/14/16,M42,M42_L5,M42_L4toL6,1.022,0.125,0.107,0.011,,,,,,,,
3/14/16,M42,M42_L6,M42_L4toL6,1.022,0.151,0.129,0.017,,,,,,,,
3/14/16,M42,M42_L7,M42_L7toL8,1.014,0.156,0.125,0.016,,,,,,,,
3/14/16,M42,M42_L8,M42_L7toL8,1.014,0.138,0.108,0.013,,,,,,,,
3/14/16,M42,M42_L9,M42_L9toL10,1.027,0.137,0.112,0.013,,,,,,,,
3/14/16,M42,M42_L10,M42_L9toL10,1.027,0.147,0.121,0.015,,,,,,,,
3/14/16,M42,M42_L11,M42_L11toL15,1.034,0.157,0.12,0.017,,,,,,,,
3/14/16,M42,M42_L12,M42_L11toL15,1.034,0.169,0.144,0.02,,,,,,,,
3/14/16,M42,M42_L13,M42_L11toL15,1.034,0.145,0.124,0.016,,,,,,,,
3/14/16,M42,M42_L14,M42_L11toL15,1.034,0.134,0.118,0.013,,,,,,,,
3/14/16,M42,M42_L15,M42_L11toL15,1.034,0.174,0.135,0.019,,,,,,,,
3/14/16,M42,M42_L16,M42_L16toL20,1.005,0.161,0.128,0.018,,,,,,,,
3/14/16,M42,M42_L17,M42_L16toL20,1.005,0.149,0.126,0.016,,,,,,,,
3/14/16,M42,M42_L18,M42_L16toL20,1.005,0.153,0.12,0.015,,,,,,,,
3/14/16,M42,M42_L19,M42_L16toL20,1.005,0.151,0.123,0.016,,,,,,,,
3/14/16,M42,M42_L20,M42_L16toL20,1.005,0.173,0.134,0.018,,,,,,,,
3/14/16,M43,M43_L1,M43_L1toL6,1.046,0.149,0.116,0.015,,,,,,,,
3/14/16,M43,M43_L2,M43_L1toL6,1.046,0.14,0.129,0.014,,,,,,,,
3/14/16,M43,M43_L3,M43_L1toL6,1.046,0.157,0.121,0.016,,,,,,,,
3/14/16,M43,M43_L4,M43_L1toL6,1.046,0.152,0.123,0.015,,,,,,,,
3/14/16,M43,M43_L5,M43_L1toL6,1.046,0.158,0.131,0.018,,,,,,,,
3/14/16,M43,M43_L6,M43_L1toL6,1.046,0.139,0.1,0.011,,,,,,,,
3/14/16,M43,M43_L7,M43_L7toL11,0.992,0.153,0.123,0.015,,,,,,,,
3/14/16,M43,M43_L8,M43_L7toL11,0.992,0.142,0.122,0.014,,,,,,,,
3/14/16,M43,M43_L9,M43_L7toL11,0.992,0.142,0.109,0.012,,,,,,,,
3/14/16,M43,M43_L10,M43_L7toL11,0.992,0.148,0.11,0.014,,,,,,,,
3/14/16,M43,M43_L11,M43_L7toL11,0.992,0.151,0.116,0.014,,,,,,,,
3/14/16,M43,M43_L12,M43_L12toL17,1.02,0.157,0.135,0.018,,,,,,,,
3/14/16,M43,M43_L13,M43_L12toL17,1.02,0.147,0.122,0.015,,,,,,,,
3/14/16,M43,M43_L14,M43_L12toL17,1.02,0.147,0.117,0.014,,,,,,,,
3/14/16,M43,M43_L15,M43_L12toL17,1.02,0.158,0.128,0.017,,,,,,,,
3/14/16,M43,M43_L16,M43_L12toL17,1.02,0.143,0.111,0.013,,,,,,,,
3/14/16,M43,M43_L17,M43_L12toL17,1.02,0.152,0.122,0.015,,,,,,,,
3/14/16,M43,M43_L18,M43_L18toL20,1.006,0.155,0.114,0.015,,,,,,,,
3/14/16,M43,M43_L19,M43_L18toL20,1.006,0.153,0.126,0.015,,,,,,,,
3/14/16,M43,M43_L20,M43_L18toL20,1.006,0.162,0.129,0.016,,,,,,,,
3/14/16,M44,M44_L1,M44_L1toL11,1,0.143,0.109,0.013,,,,,,,,
3/14/16,M44,M44_L2,M44_L1toL11,1,0.131,0.107,0.011,,,,,,,,
3/14/16,M44,M44_L3,M44_L1toL11,1,0.153,0.123,0.016,,,,,,,,
3/14/16,M44,M44_L4,M44_L1toL11,1,0.147,0.117,0.014,,,,,,,,
3/14/16,M44,M44_L5,M44_L1toL11,1,0.129,0.098,0.011,,,,,,,,
3/14/16,M44,M44_L6,M44_L1toL11,1,0.152,0.115,0.014,,,,,,,,
3/14/16,M44,M44_L7,M44_L1toL11,1,0.145,0.115,0.014,,,,,,,,
3/14/16,M44,M44_L8,M44_L1toL11,1,0.143,0.118,0.014,,,,,,,,
3/14/16,M44,M44_L9,M44_L1toL11,1,0.152,0.126,0.016,,,,,,,,
3/14/16,M44,M44_L10,M44_L1toL11,1,0.139,0.11,0.013,,,,,,,,
3/14/16,M44,M44_L11,M44_L1toL11,1,0.137,0.109,0.012,,,,,,,,
3/14/16,M44,M44_L12,M44_L12toL20,0.978,0.158,0.132,0.017,,,,,,,,
3/14/16,M44,M44_L13,M44_L12toL20,0.978,0.146,0.124,0.015,,,,,,,,
3/14/16,M44,M44_L14,M44_L12toL20,0.978,0.133,0.111,0.013,,,,,,,,
3/14/16,M44,M44_L15,M44_L12toL20,0.978,0.136,0.114,0.013,,,,,,,,
3/14/16,M44,M44_L16,M44_L12toL20,0.978,0.143,0.118,0.014,,,,,,,,
3/14/16,M44,M44_L17,M44_L12toL20,0.978,0.134,0.112,0.013,,,,,,,,
3/14/16,M44,M44_L18,M44_L12toL20,0.978,0.134,0.1,0.01,,,,,,,,
3/14/16,M44,M44_L19,M44_L12toL20,0.978,0.134,0.1,0.011,,,,,,,,
3/14/16,M44,M44_L20,M44_L12toL20,0.978,0.138,0.115,0.013,,,,,,,,
3/14/16,M45,M45_L1,M45_L1toL4,0.977,0.147,0.119,0.014,,,,,,,,
3/14/16,M45,M45_L2,M45_L1toL4,0.977,0.145,0.121,0.014,,,,,,,,
3/14/16,M45,M45_L3,M45_L1toL4,0.977,0.141,0.114,0.014,,,,,,,,
3/14/16,M45,M45_L4,M45_L1toL4,0.977,0.153,0.132,0.017,,,,,,,,
3/14/16,M45,M45_L5,M45_L5toL7,0.981,0.155,0.126,0.016,,,,,,,,
3/14/16,M45,M45_L6,M45_L5toL7,0.981,0.137,0.112,0.012,,,,,,,,
3/14/16,M45,M45_L7,M45_L5toL7,0.981,0.14,0.114,0.013,,,,,,,,
3/14/16,M45,M45_L8,M45_L8toL11,1.009,0.146,0.111,0.014,,,,,,,,
3/14/16,M45,M45_L9,M45_L8toL11,1.009,0.146,0.116,0.014,,,,,,,,
3/14/16,M45,M45_L10,M45_L8toL11,1.009,0.139,0.108,0.013,,,,,,,,
3/14/16,M45,M45_L11,M45_L8toL11,1.009,0.105,0.12,0.011,,,,,,,,
3/14/16,M45,M45_L12,M45_L12toL13,1.027,0.161,0.133,0.018,,,,,,,,
3/14/16,M45,M45_L13,M45_L12toL13,1.027,0.156,0.123,0.016,,,,,,,,
3/14/16,M45,M45_L14,M45_L14toL16,1.006,0.146,0.116,0.014,,,,,,,,
3/14/16,M45,M45_L15,M45_L14toL16,1.006,0.153,0.122,0.016,,,,,,,,
3/14/16,M45,M45_L16,M45_L14toL16,1.006,0.142,0.112,0.014,,,,,,,,
3/14/16,M45,M45_L17,M45_L17toL18,0.975,0.142,0.115,0.013,,,,,,,,
3/14/16,M45,M45_L18,M45_L17toL18,0.975,0.144,0.113,0.013,,,,,,,,
3/14/16,M45,M45_L19,M45_L19toL20,0.988,0.122,0.098,0.01,,,,,,,,
3/14/16,M45,M45_L20,M45_L19toL20,0.988,0.135,0.105,0.012,,,,,,,,
3/14/16,M46,M46_L1,M46_L1toL3,0.977,0.141,0.11,0.012,,,,,,,,
3/14/16,M46,M46_L2,M46_L1toL3,0.977,0.121,0.095,0.01,,,,,,,,
3/14/16,M46,M46_L3,M46_L1toL3,0.977,0.129,0.102,0.011,,,,,,,,
3/14/16,M46,M46_L4,M46_L4toL7,0.981,0.145,0.131,0.016,,,,,,,,
3/14/16,M46,M46_L5,M46_L4toL7,0.981,0.149,0.118,0.014,,,,,,,,
3/14/16,M46,M46_L6,M46_L4toL7,0.981,0.146,0.109,0.013,,,,,,,,
3/14/16,M46,M46_L7,M46_L4toL7,0.981,0.165,0.136,0.018,,,,,,,,
3/14/16,M46,M46_L8,M46_L8toL13,1.014,0.141,0.111,0.013,,,,,,,,
3/14/16,M46,M46_L9,M46_L8toL13,1.014,0.144,0.111,0.013,,,,,,,,
3/14/16,M46,M46_L10,M46_L8toL13,1.014,0.154,0.124,0.016,,,,,,,,
3/14/16,M46,M46_L11,M46_L8toL13,1.014,0.151,0.12,0.015,,,,,,,,
3/14/16,M46,M46_L12,M46_L8toL13,1.014,0.16,0.126,0.017,,,,,,,,
3/14/16,M46,M46_L13,M46_L8toL13,1.014,0.152,0.12,0.015,,,,,,,,
3/14/16,M46,M46_L14,M46_L14toL16,1.005,0.157,0.121,0.015,,,,,,,,
3/14/16,M46,M46_L15,M46_L14toL16,1.005,0.145,0.118,0.014,,,,,,,,
3/14/16,M46,M46_L16,M46_L14toL16,1.005,0.148,0.124,0.015,,,,,,,,
3/14/16,M46,M46_L17,M46_L17toL20,0.995,0.14,0.118,0.013,,,,,,,,
3/14/16,M46,M46_L18,M46_L17toL20,0.995,0.143,0.115,0.014,,,,,,,,
3/14/16,M46,M46_L19,M46_L17toL20,0.995,0.15,0.116,0.014,,,,,,,,
3/14/16,M46,M46_L20,M46_L17toL20,0.995,0.136,0.108,0.012,,,,,,,,
3/14/16,M47,M47_L1,M47_L1toL4,0.98,0.139,0.102,0.013,,,,,,,,
3/14/16,M47,M47_L2,M47_L1toL4,0.98,0.14,0.11,0.013,,,,,,,,
3/14/16,M47,M47_L3,M47_L1toL4,0.98,0.136,0.1,0.012,,,,,,,,
3/14/16,M47,M47_L4,M47_L1toL4,0.98,0.147,0.112,0.014,,,,,,,,
3/14/16,M47,M47_L5,M46_L5toL8,0.991,0.145,0.12,0.015,,,,,,,,
3/14/16,M47,M47_L6,M46_L5toL8,0.991,0.142,0.115,0.013,,,,,,,,
3/14/16,M47,M47_L7,M46_L5toL8,0.991,0.146,0.112,0.014,,,,,,,,
3/14/16,M47,M47_L8,M46_L5toL8,0.991,0.144,0.111,0.013,,,,,,,,
3/14/16,M47,M47_L9,M47_L9,1.002,0.143,0.121,0.016,,,,,,,,
3/14/16,M47,M47_L10,M47_L10toL13,0.984,0.146,0.111,0.014,,,,,,,,
3/14/16,M47,M47_L11,M47_L10toL13,0.984,0.141,0.111,0.013,,,,,,,,
3/14/16,M47,M47_L12,M47_L10toL13,0.984,0.144,0.122,0.014,,,,,,,,
3/14/16,M47,M47_L13,M47_L10toL13,0.984,0.143,0.115,0.013,,,,,,,,
3/14/16,M47,M47_L14,M47_L14toL17,0.995,0.137,0.114,0.014,,,,,,,,
3/14/16,M47,M47_L15,M47_L14toL17,0.995,0.137,0.11,0.013,,,,,,,,
3/14/16,M47,M47_L16,M47_L14toL17,0.995,0.136,0.106,0.012,,,,,,,,
3/14/16,M47,M47_L17,M47_L14toL17,0.995,0.14,0.114,0.013,,,,,,,,
3/14/16,M47,M47_L18,M47_L18toL20,0.973,0.137,0.111,0.013,,,,,,,,
3/14/16,M47,M47_L19,M47_L18toL20,0.973,0.14,0.106,0.012,,,,,,,,
3/14/16,M47,M47_L20,M47_L18toL20,0.973,0.138,0.108,0.012,,,,,,,,
3/14/16,M48,M48_L1,M48_L1toL9,1.012,0.15,0.129,0.016,,,,,,,,
3/14/16,M48,M48_L2,M48_L1toL9,1.012,0.147,0.115,0.014,,,,,,,,
3/14/16,M48,M48_L3,M48_L1toL9,1.012,0.134,0.107,0.012,,,,,,,,
3/14/16,M48,M48_L4,M48_L1toL9,1.012,0.137,0.108,0.012,,,,,,,,
3/14/16,M48,M48_L5,M48_L1toL9,1.012,0.16,0.124,0.016,,,,,,,,
3/14/16,M48,M48_L6,M48_L1toL9,1.012,0.139,0.107,0.012,,,,,,,,
3/14/16,M48,M48_L7,M48_L1toL9,1.012,0.144,0.112,0.014,,,,,,,,
3/14/16,M48,M48_L8,M48_L1toL9,1.012,0.16,0.14,0.018,,,,,,,,
3/14/16,M48,M48_L9,M48_L1toL9,1.012,0.155,0.131,0.016,,,,,,,,
3/14/16,M48,M48_L10,M48_L10toL20,0.999,0.158,0.126,0.017,,,,,,,,
3/14/16,M48,M48_L11,M48_L10toL20,0.999,0.131,0.102,0.011,,,,,,,,
3/14/16,M48,M48_L12,M48_L10toL20,0.999,0.15,0.129,0.016,,,,,,,,
3/14/16,M48,M48_L13,M48_L10toL20,0.999,0.134,0.107,0.012,,,,,,,,
3/14/16,M48,M48_L14,M48_L10toL20,0.999,0.149,0.12,0.014,,,,,,,,
3/14/16,M48,M48_L15,M48_L10toL20,0.999,0.145,0.121,0.014,,,,,,,,
3/14/16,M48,M48_L16,M48_L10toL20,0.999,0.13,0.109,0.013,,,,,,,,
3/14/16,M48,M48_L17,M48_L10toL20,0.999,0.137,0.109,0.012,,,,,,,,
3/14/16,M48,M48_L18,M48_L10toL20,0.999,0.15,0.114,0.014,,,,,,,,
3/14/16,M48,M48_L19,M48_L10toL20,0.999,0.141,0.114,0.014,,,,,,,,
3/14/16,M48,M48_L20,M48_L10toL20,0.999,0.155,0.126,0.015,,,,,,,,
3/14/16,M49,M49_L1,M49_L1toL7,1.013,0.157,0.128,0.017,,,,,,,,
3/14/16,M49,M49_L2,M49_L1toL7,1.013,0.135,0.117,0.014,,,,,,,,
3/14/16,M49,M49_L3,M49_L1toL7,1.013,0.141,0.111,0.013,,,,,,,,
3/14/16,M49,M49_L4,M49_L1toL7,1.013,0.139,0.111,0.013,,,,,,,,
3/14/16,M49,M49_L5,M49_L1toL7,1.013,0.136,0.111,0.013,,,,,,,,
3/14/16,M49,M49_L6,M49_L1toL7,1.013,0.146,0.113,0.014,,,,,,,,
3/14/16,M49,M49_L7,M49_L1toL7,1.013,0.153,0.12,0.015,,,,,,,,
3/14/16,M49,M49_L8,M49_L8toL12,1.006,0.143,0.116,0.014,,,,,,,,
3/14/16,M49,M49_L9,M49_L8toL12,1.006,0.134,0.103,0.011,,,,,,,,
3/14/16,M49,M49_L10,M49_L8toL12,1.006,0.151,0.121,0.015,,,,,,,,
3/14/16,M49,M49_L11,M49_L8toL12,1.006,0.141,0.111,0.013,,,,,,,,
3/14/16,M49,M49_L12,M49_L8toL12,1.006,0.158,0.122,0.016,,,,,,,,
3/14/16,M49,M49_L13,M49_L13toL16,1.017,0.147,0.116,0.014,,,,,,,,
3/14/16,M49,M49_L14,M49_L13toL16,1.017,0.135,0.113,0.013,,,,,,,,
3/14/16,M49,M49_L15,M49_L13toL16,1.017,0.151,0.121,0.015,,,,,,,,
3/14/16,M49,M49_L16,M49_L13toL16,1.017,0.154,0.131,0.016,,,,,,,,
3/14/16,M49,M49_L17,M49_L17toL20,0.978,0.142,0.114,0.013,,,,,,,,
3/14/16,M49,M49_L18,M49_L17toL20,0.978,0.134,0.108,0.012,,,,,,,,
3/14/16,M49,M49_L19,M49_L17toL20,0.978,0.154,0.122,0.016,,,,,,,,
3/14/16,M49,M49_L20,M49_L17toL20,0.978,0.143,0.114,0.013,,,,,,,,
3/14/16,M50,M50_L1,M50_L1toL4,1,0.142,0.113,0.013,,,,,,,,
3/14/16,M50,M50_L2,M50_L1toL4,1,0.131,0.104,0.011,,,,,,,,
3/14/16,M50,M50_L3,M50_L1toL4,1,0.142,0.109,0.012,,,,,,,,
3/14/16,M50,M50_L4,M50_L1toL4,1,0.148,0.113,0.014,,,,,,,,
3/14/16,M50,M50_L5,M50_L5toL7,0.972,0.135,0.102,0.012,,,,,,,,
3/14/16,M50,M50_L6,M50_L5toL7,0.972,0.136,0.107,0.012,,,,,,,,
3/14/16,M50,M50_L7,M50_L5toL7,0.972,0.155,0.125,0.016,,,,,,,,
3/14/16,M50,M50_L8,M50_L8toL10,0.991,0.139,0.114,0.013,,,,,,,,
3/14/16,M50,M50_L9,M50_L8toL10,0.991,0.131,0.095,0.01,,,,,,,,
3/14/16,M50,M50_L10,M50_L8toL10,0.991,0.141,0.109,0.013,,,,,,,,
3/14/16,M50,M50_L11,M50_L11toL15,1,0.141,0.106,0.012,,,,,,,,
3/14/16,M50,M50_L12,M50_L11toL15,1,0.127,0.102,0.01,,,,,,,,
3/14/16,M50,M50_L13,M50_L11toL15,1,0.161,0.12,0.016,,,,,,,,
3/14/16,M50,M50_L14,M50_L11toL15,1,0.146,0.114,0.014,,,,,,,,
3/14/16,M50,M50_L15,M50_L11toL15,1,0.123,0.099,0.01,,,,,,,,
3/14/16,M50,M50_L16,M50_L16toL18,0.983,0.136,0.11,0.013,,,,,,,,
3/14/16,M50,M50_L17,M50_L16toL18,0.983,0.143,0.112,0.013,,,,,,,,
3/14/16,M50,M50_L18,M50_L16toL18,0.983,0.151,0.112,0.014,,,,,,,,
3/14/16,M50,M50_L19,M50_L9toL20,1.047,0.154,0.12,0.015,,,,,,,,
3/14/16,M50,M50_L20,M50_L9toL20,1.047,0.146,0.112,0.014,,,,,,,,